,url,text,sentiment,publish_date,title,themes,media_id,media_url
0,http://www.nj.com/gloucester-county/index.ssf/2013/11/assault_rifles_in_south_jersey_police_cross_hairs_authorities_target_guns_with_devastating_capabilit.html,pictured assault rifles seized camden county police 2013 nov. 8 photo courtesy camden county police department guns south jersey firing bullets slice police officer body armor walls several homes stopping illegal new jersey travel far buy one law enforcement officials know garden state ban going stop criminal already intent breaking plenty laws bringing one across state lines partly assault weapons known devastating potential show enough south jersey police reports warrant concern concern renewed authorities first indicated guns may used two latest jersey-connected active shooter incidents killing one wounding three los angeles international airport nov. 1 paramus mall incident nov. 4 ended apparent suicide turns guns allegedly used 23-year-old paul ciancia 20-year-old richard shoop modifications looked like assault rifles authorities cases said real thing never far away south jersey statistics show new jersey law prohibits possession assault weapons anyone except law enforcement military personnel judge may also make exceptions others strict circumstances state law defines assault weapon semi-automatic handgun rifle detachable ammunition magazine clip along two following folding telescopic stock protruding pistol grip bayonet mount flash suppressor mount grenade launcher gun semi-automatic loaded magazine containing several rounds user fire round squeeze trigger round fired another automatically loaded chamber gun automatic user fire multiple rounds holding trigger semi-automatic weapons whether handguns rifles used 2007 virginia tech incident december 2012 sandy hook elementary school shooting 1999 columbine high school shooting well many mass shooting incidents plagued nation recent years mix weapons used including assault rifles rifles stranger camden according fbi nation dangerous city record 67 homicides 2012 said camden county police chief j. scott thomson assault rifles account 3 percent violent gun crime incidents consistent urban centers region however seeing increase use military-grade rifles among disputing drug gangs past year said thomson pointed assault rifle ability fire bullets multiple walls body armor added bullet fired one rifles potential penetrate three-quarter-inch-thick steel plate close range. guns also magazines hold 30 bullets bullet energy travel one mile devastating capabilities prevalent assault rifle see ak-47 fires 7.62 round thomson continued lesser degree see crime scenes .223 shell casings indicative ar-15 rifle civilian equivalent military m-16. ar-15 popular among gun enthusiasts also weapon choice several recent mass shooters adam lanza carried bushmaster ar-15 aside several handguns entered sandy hook elementary school december james holmes also brought variation ar-15 aurora colo. movie theater killed 12 people july 2012 initially alleged ciancia used rifle lax camden whatever type authorities seized seven assault rifles past 12 months four previous period thomson said thomson added department working feverishly atf bureau alcohol tobacco firearms explosives stem illegal flow type devastating weapon city. pointed many assault rifle varieties bought gun shows close pennsylvania delaware gloucester county number arrests involving assault weapons varied past years gloucester county prosecutor office gcpo records show seven charges violating state assault weapons law 2011 according gcpo spokesman bernie weisenfeld three charges involved defendant weisenfeld added following year saw violations two far 2013 unclear whether recent number included nov. 2 arrest washington township man accused brandishing ar-15 outside township home -- contact staff writer joe green 856-845-3300 ext 253 jgreen southjerseymedia.com note readers purchase something one affiliate links may earn commission registration use site constitutes acceptance user agreement privacy policy cookie statement california privacy rights user agreement updated 1/1/21 privacy policy cookie statement updated 5/1/2021 cookie settings 2021 advance local media llc rights reserved us material site may reproduced distributed transmitted cached otherwise used except prior written permission advance local community rules apply content upload otherwise submit site ad choices,"{'neg': 0.253, 'neu': 0.7, 'pos': 0.047, 'compound': -0.9993}",2013-11-10 06:00:00,Assault rifles like one Paul Ciancia allegedly used in LAX shooting in crosshairs of South Jersey police,,20120,http://www.nj.com
1,http://www.nj.com/morris/index.ssf/2013/11/zombies_bank_robbers_snacks_paintball_on_steroids_randolphs_indoor_shooting_range_expands.html,"gallery rtsp expansion nj indoor gun range gets bigger thing new jersey 're packing heat 'd better also packing sandwich new jersey gun owner transport gun extremely limited purposes taking home licensed shooting range deviation trip illegal munchies problem want go stop bagel 're breaking law said peter miscia newly renovated rtsp range randolph rtsp held grand re-opening weekend visitors found among enhancements self-serve cafe place gun owner visitor grab bite without disrupting day range one smaller touches massive expansion took 10,000 square foot gun shop range first indoor shooting range new jersey open several years came onto scene two years ago 35,000 square feet facility includes training rooms dojo martial arts lessons digital shooting simulator projects bad guys abusive husbands bank robbers ... even zombies onto wall users practice shooting skills real bullets sometimes realistic assailants without real bullets follow us twitter like us facebook nj.com/morris shoot house simulates home school providing training ground rtsp hopes prove useful law enforcement real schools community facilities always eager people running around guns even hours role-players participants use paint-based ammunition think paintball much severe impact vip room hefty admittance fee offers place vip club members fee reserve spot hefty 2,000 relax luxury signed sporting memorabilia fanacy furniture non-alcoholic wet bar pool table hand range expanded nine ports 21 new room offering high-tech setup complete remote-controlled robots bringing targets back forth miscia said partners rick friedman brad tremarol originally planned expand rtsp four years conditions seemed right said saw strong interest law enforcement civilians last two years stepped timetable miscia former montclair police officer said worried last year school mass shooting sandy hook elementary school newtown conn. talk stricter state federal gun regulation air new restrictions could hurt rtsp business gamble said one piece legislation could shut us said partners confident could offer something general population police wo find elsewhere area think real place said note readers purchase something one affiliate links may earn commission registration use site constitutes acceptance user agreement privacy policy cookie statement california privacy rights user agreement updated 1/1/21 privacy policy cookie statement updated 5/1/2021 cookie settings 2021 advance local media llc rights reserved us material site may reproduced distributed transmitted cached otherwise used except prior written permission advance local community rules apply content upload otherwise submit site ad choices","{'neg': 0.098, 'neu': 0.785, 'pos': 0.117, 'compound': 0.8558}",2013-11-05 10:48:47,"Zombies, munchies, martial arts and paintball on steroids: Randolph's indoor shooting range expands",,20120,http://www.nj.com
2,http://www.twincities.com/national/ci_24483699/probe-police-unit-told-stand-down-at-navy?source=rss,get breaking news browser click turn notifications x picks washington—it reasonable officials reroute capitol police tactical squad away washington navy yard rampage amid concerns possible threats u.s. capitol officers got stuck traffic according report released friday defends decision officers specially trained unit handles crises mass shootings tried respond navy yard could even reach command post traffic snarls caused emergency vehicles according two-page document also demands additional capitol police resources beyond teams already commanders faced potential threats secondary attacks capitol building report states unit directed capitol half-hour first reports attack everyone intentions right intentions cause type people want go capitol police chief kim dine said interview want respect appreciate that. dine called review response sept. 16 shooting amid reports capitol police supervisor directed containment emergency response team stand respond rampage capitol police board oversees agency initiated investigation dine request released summary review team findings friday senate sergeant arms terrance gainer serves board said time investigation announced reports true would represent unbearable failure. said friday reality uncovered special review team far nuanced decision recall four-member unit made sense light overall circumstances reasonable come back said gainer former capitol police chief said understood inclination second-guess decision think appropriate speculate whether unit would made difference allowed inside building tactical officers multiple law enforcement agencies also responded rampage gunman killed police shootout fluid fast-moving events sort multilayered dine said capitol police responsible protecting congressional buildings well members congress families units sometimes respond emergencies away capitol complex day shooting two motorcycle units deployed navy yard help traffic control along another team helped protect perimeter sergeant served command post liaison according report gunman aaron alexis 34-year-old former navy reservist government contractor worked navy yard killed 12 people shot death police fbi said experiencing delusions months leading shooting leaving behind writings indicating believed bombarded extremely low frequency radio waves review team conducted dozens interviews evaluated radio transmissions command center incident logs several recommendations made part investigation including improving communication different capitol police units emergency full report publicly released dine said email department report truly help department moving forward. ———— follow eric tucker twitter http //twitter.com/etuckerap sign newsletters alerts comment please respectful commenters viewpoints goal article comments provide space civil informative constructive conversations reserve right remove comment deem defamatory rude insulting others hateful off-topic reckless community see full terms use,"{'neg': 0.119, 'neu': 0.793, 'pos': 0.088, 'compound': -0.9565}",2013-11-08 19:27:56,Probe: Police unit told to stand down at Navy Yard,,52,http://www.twincities.com/
3,http://www.upi.com/Top_News/US/2013/10/20/Report-Boy-6-killed-at-Sandy-Hook-school-told-others-to-run/UPI-56541382305155/,hartford conn. oct. 20 upi -- boy killed mass shooting connecticut school may saved fellow students encouraging run police reports say hartford conn. courant reported saturday obtained new details shootings sandy hook elementary school newtown conn. police sources newspaper said state police report tragedy expected released soon advertisement adam lanza 20 attended sandy hook child first shot mother nancy drove school gunned 20 students six members staff killed police closed one classroom lanza gun jammed courant said students told investigators jesse lewis 6 called children run six escaped sources also described found lanza home searched nancy lanza apparently shot close range lay bed investigators found son room neat bed made windows covered black plastic trash bags fastened duct tape also discovered lanza removed hard drives computers room next door hid barbell effort render unreadable investigators said lanza car parked school way suggested planning ambush police arrived,"{'neg': 0.114, 'neu': 0.83, 'pos': 0.056, 'compound': -0.8555}",2013-10-20 21:39:15,"Report: Boy, 6, killed at Sandy Hook school told others to run",,1706,http://www.upi.com/
4,http://www.upi.com/Top_News/US/2013/10/25/Sandy-Hook-Elementary-School-demolition-begins/UPI-90061382682600/,newtown conn. oct. 25 upi -- demolition connecticut sandy hook elementary school quietly begun newtown highest elected official said 10 months mass murder small scale demo activity begun accelerate next days first selectwoman patricia llodra told television station wvit west hartford conn. advertisement process demolition incremental staged precisely executed carefully said wrecking-ball action rather piece-by-piece section-by-section removal work site shielded public view prevent anyone taking photos videos contractors taking school 20 schoolchildren six adult staff members killed dec. 14 signed confidentiality agreements wvit said massacre second deadliest mass shooting single person u.s. history 2007 virginia tech massacre left 32 people dead sandy hook shooting prompted renewed debate gun control united states led stricter gun laws connecticut new york nearby states parts elementary school well playground driveway sidewalks pulverized melted pieces tragedy ca taken souvenirs sold bidders ebay llodra said last week 28-member sandy hook school task force voted unanimously may 15 demolish school build new one spot town voters voted overwhelmingly oct. 5 fund project 49 million state grant entrance new school scheduled open december 2016 relocated people wo walk front firehouse anguished parents waited hours learning children dead los angeles times said residents say want school removed parent whose son first-grader sandy hook mass shooting erupted said considered demolition final surrender 20-year-old shooter whose name rarely said loud newtown hardest thing 'm deal ... feeling lose 20 children six adults peter barresi told times 're letting take building winning demolition expected completed shooting first anniversary seven weeks,"{'neg': 0.121, 'neu': 0.813, 'pos': 0.065, 'compound': -0.967}",2013-10-25 06:30:00,Sandy Hook Elementary School demolition begins,,1706,http://www.upi.com/
5,http://www.upi.com/Top_News/US/2013/10/29/Trayvon-Martins-mother-asks-for-stand-your-ground-review-at-hearing/UPI-99601383071390/,washington oct. 29 upi -- sybrina fulton mother trayvon martin told senate judiciary subcommittee washington tuesday roll back clarify state stand ground laws fulton commented misinterpretation law george zimmerman led son shooting death homestead fla. february 2012 zimmerman later acquitted manslaughter charges advertisement spoke hearing convened explore issues surrounding stand ground laws relating use deadly force situations personal danger 30 states variation law hearing scheduled mid-september postponed wake mass shooting washington navy yard sept. 16 washington post reported prepared testimony fulton asked see laws surrounding self-defense clarified applied logically importantly consistently suggested laws amended include language clarifies original intent cited comments former florida gov jeb bush signed florida law said time 'stand ground means stand ground mean chase somebody turned back law florida certainly work case fulton said person shot killed son walking streets today law work need seriously take look law,"{'neg': 0.109, 'neu': 0.811, 'pos': 0.08, 'compound': -0.765}",2013-10-29 18:29:50,Trayvon Martin's mother asks for 'stand your ground' review at hearing,,1706,http://www.upi.com/
6,http://feeds.foxnews.com/~r/foxnews/politics/~3/dCfUKJi4KjA/,material may published broadcast rewritten redistributed ©2021 fox news network llc rights reserved quotes displayed real-time delayed least 15 minutes market data provided factset powered implemented factset digital solutions legal statement mutual fund etf data provided refinitiv lipper family woman killed mass shooting washington navy yard september seeking 37.5 million navy department veterans affairs saying red flags deteriorating mental health killer ignored news conference friday tampa attorneys family mary delorenzo knight said seeking money administrative claim claim first step toward filing lawsuit delivered agencies aaron alexis gunned 12 people navy yard sept. 16 killed shootout police issue whether company employed alexis knew mental health problems whether federal agencies aware troubles get stories need-to-know powerful name news delivered first thing every morning inbox subscribed 've successfully subscribed newsletter material may published broadcast rewritten redistributed ©2021 fox news network llc rights reserved quotes displayed real-time delayed least 15 minutes market data provided factset powered implemented factset digital solutions legal statement mutual fund etf data provided refinitiv lipper,"{'neg': 0.143, 'neu': 0.792, 'pos': 0.065, 'compound': -0.9485}",2013-11-08 21:29:25,"Family of Navy Yard shooting victim sues Navy, Veteran Affairs $37.5 million",,1092,http://www.foxnews.com/
7,http://www.csmonitor.com/USA/Society/2013/1115/Sandy-Hook-Nearly-a-year-on-groups-seek-positive-legacy-from-tragedy,"want bridge divides reach everyone selection viewed stories week monitor website every saturday hear special editorial projects new product information upcoming events occasional select stories monitor empower uplift every weekday update major political events candidates parties twice week twice week stay informed latest scientific discoveries breakthroughs every tuesday weekly digest monitor views insightful commentary major events every thursday latest book reviews author interviews reading trends every friday weekly update music movies cultural trends education solutions every thursday five recent christian science articles spiritual perspective every monday sandy hook promise based newtown conn. announced new campaign called parent together – designed empower parents local communities address causes gun violence loading ... november 15 2013 one-year anniversary dec. 14 mass shooting sandy hook elementary school approaches new channels emerging people mark constructive ways lessons schoolkids grass-roots actions prevent violence local acts service vigils gun-violence victims ways people reflecting devastating event group sandy hook promise based newtown conn. announced thursday new grassroots campaign called parent together – designed empower parents local communities address causes gun violence mental-health issues social connectedness young people unfortunately debate keeps focusing guns – always gun control gun freedoms become polarized political debate rather conversation says nicole hockley lost son dylan shooting one sandy hook promise organizers hundreds conversations parents people sides gun debate around country ms. hockley says message came back preventing gun violence largely want legislation tell us want given tools able communities. group supported certain gun-control laws lobbied improve mental-health treatment parent together campaign begin rolling tools early next year spread models effective communities – everything conversation child gun safety ways pediatricians detect address mental-health challenges earlier hockley says far nearly 260,000 people signed website promise open conversations reducing violence hope reach 500,000 dec. 14 continue grow hockley says like campaigns reduce drunk driving increase recycling says conversations grow organically action hockley personal work wants spare many parents possible also way helping keep dylan alive many respects legacy want give says 6 died never know sort person could name beautiful face associated sort movement positive change helps save lives others keeps going. children also way lend voices conversation new anti-violence lesson plan back january sandy hook students returned class neighboring building greeted painted handprints connecticut children showing solidarity cut-out handprints center hand hope sandy hook lesson plans developed jointly hockley former us rep. gabrielle giffords award-winning teacher jessica lura los altos calif available website uclass.org lessons designed help students grades 4 12 discuss sandy hook tragedy people tried make schools safer wake culminate students writing cut-out hands two statements – one starting hope expressing want country safer another stating one thing make country better everyone students upload photographs hands hope website organizers want receive least 1,000 submissions anniversary compile digital collage stopping gun violence takes courage new ideas said statement project ms. giffords website americans responsible solutions organization founded husband reduce gun violence survived 2011 shooting proud bring students together honor lives lost tragic shooting sandy hook elementary encourage envision america free safe. another group newtown action alliance focuses gun-control laws organizing national vigil washington dec. 12 remember approximately 30,000 people killed gun violence year us get monitor stories care delivered inbox part newtown leaders said town-wide event mark anniversary community choosing remember honor lost lives awful tragedy ways quiet personal respectful – centered themes kindness love service others wrote newtown first selectman pat llodra statement joined local schools churches civic groups newtown encouraging every resident young old use weeks leading anniversary time formally commit acts service kindness… greater gift love act behalf whose lives taken. already subscriber login monitor journalism changes lives open too-small box people think live believe news expand sense identity possibility beyond narrow conventional expectations work possible without support already subscriber login link copied dear reader year ago happened upon statement monitor harvard business review – charming heading things interest many things end meaningful writes social scientist joseph grenny come conference workshops articles online videos began chore ended insight work kenya example heavily influenced christian science monitor article forced read 10 years earlier sometimes call things boring simply lie outside box currently in. come punchline joke monitor would probably seen global fair insightful perhaps bit earnest bran muffin journalism know change lives going argue change lives precisely force open too-small box human beings think live monitor peculiar little publication hard world figure run church church members converting people known fair even world becomes polarized time since newspaper founding 1908 mission beyond circulation want bridge divides kicking door thought everywhere saying bigger capable realize prove it. looking bran muffin journalism subscribe monitor 15 get monitor weekly magazine monitor daily email unlimited access csmonitor.com subscribe insightful journalism less noise insight follow us","{'neg': 0.117, 'neu': 0.687, 'pos': 0.196, 'compound': 0.9952}",2013-11-15 20:59:33,"Sandy Hook: Nearly a year on, groups seek positive legacy from tragedy",,3,http://csmonitor.com
8,http://www.twincities.com/national/ci_24482417/family-navy-yard-shooting-victim-files-claim?source=rss,get breaking news browser click turn notifications x picks tampa fla.—the family woman slain mass shooting washington navy yard seeking 37.5 million government saying navy department veterans affairs ignored red flags killer deteriorating mental health news conference friday tampa attorneys family mary delorenzo knight said seeking money administrative claim claim one first steps toward filing lawsuit delivered agencies federal law navy va must investigate claim determine whether merit think attorneys knight family said sue va spokesman said could comment navy spokeswoman courtney l. hillson said navy working closely department justice claim could comment investigation ongoing knight one 12 people gunned aaron alexis sept. 16 killed shootout police lawsuit said contractor alexis worked told navy mental health problems navy given security clearance navy officials said found record company alerted navy mental health knight 51-year-old divorced mother two adult daughters born military family worked expert cybersecurity navy yard sister would want fight fight girls said patricia delorenzo knight younger sister delorenzo wanted know man mental illness allowed navy yard gun fbi said alexis entered navy yard vehicle parked deck across building 197 went building carrying bag came fourth-floor bathroom shotgun stop crazy guys guns coming property knight family attorney sidney matthew said since 9-11 excuse governmental agency pass along information dangerous crazy guys there. alexis employed fort lauderdale-based company experts company declined comment claim navy ordered in-depth investigation shooting events led including detailed look shooter mental health background whether adverse information ever reported service according lawsuit alexis delusional believed controlled influenced low-frequency electromagnetic waves. lawsuit said va failed treat mental illness alexis went va emergency room aug. 23 insomnia detailed three arrests involving alexis post-traumatic stress disorder anger management problems alcohol abuse va said alexis visited hospitals washington rhode island weeks rampage denied depressed thoughts harming others va also said evaluated mental health problems might contributed insomnia records reveal history mental health disorders ——— follow tamara lush twitter http //twitter.com/tamaralush sign newsletters alerts comment please respectful commenters viewpoints goal article comments provide space civil informative constructive conversations reserve right remove comment deem defamatory rude insulting others hateful off-topic reckless community see full terms use,"{'neg': 0.227, 'neu': 0.728, 'pos': 0.045, 'compound': -0.9972}",2013-11-08 16:28:33,Family of Navy Yard shooting victim files claim,,52,http://www.twincities.com/
9,http://www.buzzfeed.com/mikehayes/armed-gun-rights-activists-intimidate-moms-for-gun-control-o,armed civilians claim happenstance suggest pose photos guns buzzfeed news reporter men 're military defending country police responding mass shooting 're members open carry texas showed earlier today protest membership meeting held four members moms demand action inside restaurant dallas men armed semi-automatic rifles terrified customers passersby poor momsdemand lie members public push agenda sad sad open carry texas opencarrytexas poor momsdemand lie members public push agenda sad sad four members moms demand action gun sense america gathered membership meeting today blue mesa grill restaurant confronted soon gun advocates found meeting facebook disagree goal changing america gun laws policies protect children families nearly 40 armed men women children held protest parking lot many armed semi-automatic rifles mom members restaurant customers terrified appeared armed ambush sadly bullies attempting use guns intimidate moms children infringe constitutional right free speech moms demand action deterred desperate actions vocal minority fuels determination fight gun reform texas across country change come keep latest daily buzz buzzfeed daily newsletter,"{'neg': 0.288, 'neu': 0.669, 'pos': 0.042, 'compound': -0.9918}",2013-11-11 22:45:07,"Armed Gun Rights Activists Congregate Near Meeting Of Gun Control Advocates, Trigger Accusations Of Intimidation",,6218,http://www.buzzfeed.com
10,http://feedproxy.google.com/~r/motherjones/main/~3/zER4h9ReFWk/gop-trayvon-martin-stand-your-ground-good-black-people,"thank mother jones readers pitched fundraising drive 're grateful came short june 30 fiscal year-end target need keep charging hard toward goal 350,000 july 17 read next weeks important us please consider supporting team essential journalism right 5 500 every donation matters thank mother jones readers pitched fundraising drive came short june 30 target need keep charging hard toward goal 350,000 july 17 read matters much right important time sybrina fulton mother slain florida teenager trayvon martin speaks attorney tuesday senate hearing stand ground laws.jay mallin/zuma wire turn ask question tuesday senate hearing stand ground laws sen. ted cruz r-texas lowered voice spoke cautiously pain sybrina fulton mother florida teenager trayvon martin must feel got point addressing fulton traveled florida express opposition spread laws cruz sought downplay significance message understand family simply mourning loss son understand said players seeking great deal based happened florida night. cruz republican colleagues witnesses summoned subcommittee constitution civil rights human rights different point make stand ground laws—which allow person kill another feels life endangered—benefit black people hold data light squint little would say otherwise using race cudgel force anti-gun agenda stand cruz asked one believe stand innocent aggressors. cruz threatened filibuster block gun control legislation senate last spring argued stand ground laws actually help black people black defendants likely killing ruled justifiable jury black defendants cited syg successful 55 percent time according cruz statistics white defendants made claim successful 53 percent cases fulton lucia mcbath another witness whose son jordan davis shot man expected claim stand ground defense plenty evidence contrary cruz allies talked right past john lott pro-gun researcher chided president barack obama pages national review failing speak black-on-white violence offered data support cruz theory blacks gain syg laws going concentrate fact relatively people kill blacks going convicted realize people convicted blacks said ninety percent blacks killed cases stand ground invoked defense killed blacks. lott suggesting limited data available could read suggest african americans benefiting syg laws rep. louie gohmert r-texas appearing witness started prepared remarks informing room defended black man tried murdering unarmed naked man. present statistics back cruz argument democratic lawmakers witnesses however cited studies texas university national urban league highlighted stark racial disparities stand ground laws picked cruz missed greatest determining factor whether syg claim hold race victim according study commissioned national urban league homicides justifiable 49 percent cases white man shot black man compared 8 percent cases roles reversed studies found similar results chart john roman senior fellow urban institute created using data federal bureau investigation tuesday hearing originally supposed held september 17 postponed mass shooting washington navy yard hearing gun laws bumped mass-murderer gun metaphor thing happened subscribe mother jones daily top stories delivered directly inbox signing agree privacy policy terms use receive messages mother jones partners wo beat around bush came short june 30 fiscal year-end target need keep charging hard reach goal 350,000 july 17 value reporting get mother jones able please consider joining fellow readers donation help make work possible whether pitch 5 500 every single dollar matters right 're new mother jones yet sold supporting nonprofit journalism please take moment read monika bauerlein post current reporting priorities chaotic several years next weeks important us find words compelling please join us fellow readers wo beat around bush came short june 30 fiscal year-end target need keep charging hard reach goal 350,000 july 17 value reporting get mother jones able please consider joining fellow readers donation help make work possible whether pitch 5 500 every single dollar matters right 're new mother jones yet sold supporting nonprofit journalism please take moment read monika bauerlein post current reporting priorities chaotic several years next weeks important us find words compelling please join us fellow readers tim murphy asawin suebsaeng kevin drum hannah levintova priya elan mother jones piper mcdaniel sponsored post avocado mattress sinduja rangarajan jackie flynn mogensen sinduja rangarajan andrea guzman subscribe mother jones daily top stories delivered directly inbox signing agree privacy policy terms use receive messages mother jones partners save big full year investigations ideas insights help mother jones reporters dig deep tax-deductible donation inexpensive subscribe today get full year mother jones 12 us ears listen apple podcasts subscribe mother jones daily top stories delivered directly inbox signing agree privacy policy terms use receive messages mother jones partners site protected recaptcha google privacy policy terms service apply copyright 2021 mother jones foundation national progress rights reserved.terms service privacy policy pitch bucks help fund mother jones investigative journalism 're nonprofit tax-deductible reader support makes two-thirds budget noticed ad blocker pitch bucks help fund mother jones investigative journalism sign free mother jones daily newsletter","{'neg': 0.094, 'neu': 0.751, 'pos': 0.155, 'compound': 0.9886}",2013-10-29 19:10:45,GOP to Moms of Slain Black Sons: Stand Your Ground Laws Help Black People,,1112,http://www.motherjones.com/
11,http://www.mercurynews.com/nation-world/ci_24442078/accused-lax-shooters-new-jersey-hometown-site-serial?source=rss,"trending second time 20 years tight-knit community pennsville township n.j. made map murder friday paul anthony ciancia former resident son predominant local businessman accused carrying deadly mass shooting los angels international airport 1997 infamous serial killer andrew cunanan murdered cemetery worker pennsville moving miami eventually ended life acclaimed clothing design gianni versace killings 1997 friday morning brought media spotlight riverside town southwest new jersey 10 miles wilmington del townsfolk hesitant talk ciancia family eldest son accused killing transportation safety administration worker inside terminal 3 lax ciancia 23 reportedly critical condition local hospital recovering gunshot wounds fired airport police new jersey ciancia family remained sequestered inside large home outside town pennsville police officer sat edge long driveway preventing media making contact son left small town year ago back officer said nearby resident mowing lawn said upset recent events allegedly involving neighbor son paul lived 30-plus years prominent businessman gary hankins lives across road said suspected shooter father true blue american works hard everything kids. hankins said elder ciancia involved local youth sports worked hard build auto body business order give kids good education hankins said heart goes parents siblings left make sense tragedy allegedly caused son brother los angeles people understand kids leave hope pray best hankins said family fault. news pennsville connection lax shooting spread quickly people driving stretch road outside home slowed peer long driveway stopped chat neighbors people dining local burger king said knew shooting following developments via online media saturday evening residents gathered aj tavern restaurant main strip town sign front promised live music new menu complete prime rib people inside bar heard happened los angeles little say family suspected shooter father paul ciancia well-known community elder ciancia known carry huge wad cash said judy norkis bartender aj town workers hold blue-collar jobs local factories oil refineries townsmen dupont workers retirees others work exxonmobil bp collect paycheck working nuclear island nickname nearby nuclear power plant according residents ciancia family one richest town kids went private school nearby delaware 10 miles west pennsville family took vacations tropical destinations jamaica duane samuels 60 enjoys living hometown claims taxes high many police officers casual friends elder ciancia went house times hard worker samuels said even know kids. 14,000 residents pennsville still carry traditions long-gone era year town crowns miss pennsville shuts streets celebrate end summer september fest days halloween town still covered cobwebs plastic ghouls monsters everybody knows everybody norkis said bad. jason fields contributed report get morning report email newsletters","{'neg': 0.13, 'neu': 0.785, 'pos': 0.085, 'compound': -0.9538}",2013-11-03 00:53:04,Accused LAX shooter's New Jersey hometown site of serial killer murder,,35,http://www.mercurynews.com/
12,http://feeds.foxnews.com/~r/foxnews/national/~3/_b7cV57UfGg/,material may published broadcast rewritten redistributed ©2021 fox news network llc rights reserved quotes displayed real-time delayed least 15 minutes market data provided factset powered implemented factset digital solutions legal statement mutual fund etf data provided refinitiv lipper spartanburg county deputies released flier man investigators want talk unsolved killings four people superbike motorsports motorcycle shop chesnee s.c. november 2003 authorities said shop less hour shootings ap photo/spartanburg county sherrif department spartanburg county deputies released sketch man investigators want talk unsolved killings four people superbike motorsports motorcycle shop chesnee s.c. november 2003 authorities said shop less hour shootings ap photo/spartanburg county sherrif department tom lorraine lucas looks photos victims quadruple homicide november 2003 motorcycle shop son worked homein spartanburg s.c. wednesday oct. 24 2013 deputies made arrests four people killed superbike motorsports ap photo/jeffrey collins nearly 10 years 750 leads law enforcement officials victims families remain stumped one south carolina heinous killings gunman walked motorcycle shop killed owner three employees slipped undetected nov. 6 mark decade since deaths superbike motorsports spartanburg county two-lane highway headed city toward blue ridge mountains sheriff chuck wright vowed get killer street admits may waiting jailhouse confession families store owner service manager mechanic bookkeeper search answers taking toll parents one victim moved south carolina find justice say hopes killer face justice fading veteran law enforcement officials say recent state history ca remember another mass shooting remaining unsolved long investigators say four victims killed 9 mm pistol think killer came back perhaps open garage door killed mechanic chris sherbert 26 worked bookkeeper beverly guy 52 found outside bathroom middle showroom son shop owner scott ponder 30 found outside door parking lot service manager brian lucas 29 doorway officials say may trying run also cite evidence killer may circled back shot victims head ensure dead good shot officials say missed moving targets times pullquote wright says deaths ponder started bill sale motorcycle sold written customer name credit card number identifying information investigators wo say whether unidentified fingerprints dna shop -- forensic evidence limited think one solved jailhouse wright recently told associated press cold-blooded killers wo talk wright elected sheriff 2004 year shootings said investigation could handled better would give specifics mentioning crime scene technicians missed processing entire room return next day wright investigators pushing hard revised sketch customer store less hour killings wright released drawing march 2012 said thought man killer wright says sure still believes man information crack case investigators think killer disgruntled customer internet ponder sold nationwide map sheriff office pushpins ponder motorcycles sold pin somewhere suspect might live place investigators want get word victims families theories runs mind constantly said lorraine lucas mother brian lucas run day head first wake last thing night time given families plenty chances come motives bizarre admit arrests say one sure ponder searching biological father disappeared decades ago -- maybe killer want shop owner learn dad maybe rival motorcycle owner angry ponder success decided cut competition maybe man discovered bodies looked -- saw ponder lucas bleeding outside shop stepped dead friends call 911 inside shop even though cellphone want look every single angle customer angry business said tom lucas brian father nov. 6 families gather spartanburg celebrate loved ones lives one speakers scotty ponder 9 -- mother pregnant father scott ponder killed since shooting melissa ponder gone two divorces said shattered losing scott sorry brought men life tough situation used think way crime big going get solved fact somebody able pull trigger end four people lives go way felt bad 10 years know said tom lorraine lucas also feel hope fading tom lucas said looks road 20th anniversary son death see walker still raising hell get away killing like lorraine lucas said families say understand sheriff office trying solve case wright said keeps night said fault families holding theory version events end need probable cause need case go trial wright said terry guy lost wife beverly guy stepson said used dream deputies would allow killer cell could get justice past 10 years change heart fell love married brian lucas sister guy said wants offer killer forgiveness sure one thing investigation know 've done know guy said suspect everyone get stories need-to-know powerful name news delivered first thing every morning inbox subscribed 've successfully subscribed newsletter material may published broadcast rewritten redistributed ©2021 fox news network llc rights reserved quotes displayed real-time delayed least 15 minutes market data provided factset powered implemented factset digital solutions legal statement mutual fund etf data provided refinitiv lipper,"{'neg': 0.193, 'neu': 0.705, 'pos': 0.101, 'compound': -0.9984}",2013-11-03 15:37:43,"10 years after motorcycle shop murders, investigators remain stumped",,1092,http://www.foxnews.com/
13,http://www.twincities.com/national/ci_24387667/police-union-newtown-worker-fund-is-inadequate?source=rss,"get breaking news browser click turn notifications x picks hartford conn.—a private charitable fund created help pay mental health care first responders teachers workers affected mass shooting connecticut elementary school falls short needed help long-term problems including one police officer return work union lawyer says connecticut lawmakers created special sandy hook workers assistance fund year solicited donations state largest companies well general public help affected dec. 14 massacre 20 first-graders six educators gunned one deadliest school shootings u.s. history though legislators estimated march several hundred thousand dollars already pledged predicted money would follow 218,361 donated sept. 30 according state office victim services eric brown staff attorney afscme council 15 suggested fund probably requires 10 million else law needs passed provide workers compensation coverage mental health-related injuries including post-traumatic stress say many people estimated 10 million would cover idea fund certainly good idea given people opportunity pat back say done something completely inadequate brown said many workers could potentially benefit fund access insurance coverage help pay mental health care lawmakers created fund provide immediate long-term relief workers take time compensated pay counseling medication said house majority leader joseph aresimowicz employment least one officer jeopardy brown seeking help workers officer responded shooting emotionally traumatized work faces possible termination brown said officer hearing scheduled coming weeks said officer brown would name suffer physical impairment job brown said ineligible disability retirement talking short-term problem said brown adding officers report still suffering nightmares flashbacks periodically take time talking long-term problem. newtown police chief michael kehoe said could comment particular case said town officials looking kinds benefits may available help officers police officers event need leave force certainly delicate situation us said recognize sensitivity trying best can. connecticut law generally provide workers compensation benefits mental emotional impairments unless stem work-related physical injury occupational disease wake shooting state lawmakers considered legislation would make public employees eligible workers compensation job led witness death maiming immediate aftermath would also receive coverage diagnosed mental emotional impairment happened bill however died lawmakers concerned creating expensive financial burden municipalities state said aresimowicz democrat berlin cost single post-traumatic stress case could range several hundred thousand dollars 1 million depending circumstances duration claim connecticut conference municipalities said area could get total agreement aresimowicz said said willing revisit issue general assembly reconvenes february really think something talk said fund may saved lack interest state lawmakers originally estimated 150 200 employees would helped special account far 58 people applied funds twenty approved received total 71,294 mostly lost wages 903.94 paid medical losses figure likely includes insurance copayments applicants yet submit bills reimbursement said linda cimino director office victim services applicants denied though amount contributions far concern office received new applications lately cimino said deadline submitting applications reimbursement june 30 fund distribute money aug. 30 2015 demand stays fund may remain solvent cimino said email increase applications requests funds balance may sufficient. legislative leaders said committed raising donations becomes necessary sign newsletters alerts comment please respectful commenters viewpoints goal article comments provide space civil informative constructive conversations reserve right remove comment deem defamatory rude insulting others hateful off-topic reckless community see full terms use","{'neg': 0.127, 'neu': 0.723, 'pos': 0.15, 'compound': 0.9187}",2013-10-25 18:15:36,Police union: Newtown worker fund is inadequate,,52,http://www.twincities.com/
14,http://hotair.com/archives/2013/11/08/when-mass-shootings-dont-matter-to-the-media/,first bad news doubt heard another mass shooting nine people shot three dead good news person interest taken custody detroit – convicted felon wearing body armor police arrested detroit suburb questioned investigation fatal shooting three men back gambling room east side barbershop detroit police chief james craig described man person interest wednesday evening shooting al barber shop left six people wounded speaking thursday news conference police headquarters craig said bloodshed may stemmed ongoing feud craig name person interest provided details arrest said rochester police picked man north detroit without incident unrelated felonious assault charge pretty terrible course reason must know press must story right well… much heard seond hand cnn done fifteen second throw commercial buzzfeed managed five whole sentences abc news put 26 second video segment huffpo – always quick like bunny talk evils guns much single person injured – managed fair number paragraphs entirely factual opinions causes evils society short story essentially hit mute button wall shortly hit air could shooter victims fit right profile lorne carter told detroit free press smoking cigarette wall nearby business heard sounded like 30 40 rapid shots detroit one highest violent crime rates country including wednesday night barbershop slayings 289 criminal homicides committed far year detroit criminal homicides accounted 386 461 death investigations 2012 anytime … shootings nine certainly rise one detroit violent incidents craig said craig said one person shot three others wounded shooting october 2012 city west side seven teenagers including five students cody ninth grade academy shot wounded waiting bus stop near school june 2009 took place east side detroit wonder could missing story prevents scholars msnbc cnn new york times launching lengthy tirade evils guns deplorable lack safety citizens could perchance shooter fit particular profile victims gathered together back room evening gambling quite sympathetic enough figures lives somehow less valuable shooter quite evil enough – maybe – shooting fit right profile make tasty political sausage fact city already restrictive gun restriction laws country make somehow less newsworthy things make go hmmm. copyright ©2021 hotair.com/salem media rights reserved,"{'neg': 0.203, 'neu': 0.67, 'pos': 0.127, 'compound': -0.9886}",2013-11-08 13:01:13,When mass shootings don’t matter… to the media,,117,http://hotair.com
15,http://www.csmonitor.com/The-Culture/Articles-on-Christian-Science/2013/1101/Facing-the-anniversary-of-a-tragedy,want bridge divides reach everyone selection viewed stories week monitor website every saturday hear special editorial projects new product information upcoming events occasional select stories monitor empower uplift every weekday update major political events candidates parties twice week twice week stay informed latest scientific discoveries breakthroughs every tuesday weekly digest monitor views insightful commentary major events every thursday latest book reviews author interviews reading trends every friday weekly update music movies cultural trends education solutions every thursday five recent christian science articles spiritual perspective every monday christian science perspective superstorm sandy remembered effort love-affirming instead loss-affirming november 1 2013 week marks first anniversary superstorm sandy – largest atlantic storm record one affected residents seven countries across 24 us states live hundreds miles sandy path storm hit close home different way sinking tall ship hms bounty loss captain female crew member 20s worked deckhand similar vessel bounty captain one co-workers several months many sailing community around world rejoiced safe heroic rescue majority bounty crew also overwhelming surge sadness loss life loss beloved vessel recently watched date approach calendar wondered spiritual thinkers best support anniversaries one – devastating storm passing loved one mass shooting specific terror attack resurfaces minds hearts certainly natural desire honor memory loved ones might also worthwhile ask whether spirit commemoration loss-affirming love-affirming student christian science regularly turn bible instruction support life christ jesus provides powerful examples love-affirming action face loss jesus examples walking waves stilling storm give us permission get top waves sadness silence stormy blasts regret compassionate presence funeral see luke chap 7 halted procession grief reversed evidence death sorrow life rejoicing passing friend lazarus master christian moved beyond response one point weeping groaning see john 11:33 35 command stone rolled away tomb lazarus could loosed burial shroud primary work science health key scriptures discoverer christian science mary baker eddy writes jesus said john viii 51 man keep saying shall never see death. statement confined spiritual life includes phenomena existence jesus demonstrated healing dying raising dead pp 429-430 jesus must fathomless sense presence power continuity divine love order triumph repeatedly destruction death including healing record stands us follow today year ago week best tried prayerful supportive everyone feeling effects superstorm sandy weeping groaning mode struggled grief loss surrounding bounty captain cried wednesday night testimony meeting local christian science church toward end service however received clear healing message thought god miners. get monitor stories care delivered inbox precise reference another situation prayed two years earlier 33 chilean miners trapped mine surface seemed like strange juxtaposition – reminder joyous successful return miners safety versus recent loss life ship bounty recognized message powerful assurance god love scene despite outward appearances day reminded bounty reaffirm god miners comforts companions captain crew family within tall ship community may take ongoing practice consistently affirm love god midst trials wake memories thankfully christ jesus charts course fixes thought omnipotence omnipresence divine love way learn know rejoice apostle paul assurance corinthians death swallowed victory corinthians 15:54 already subscriber login monitor journalism changes lives open too-small box people think live believe news expand sense identity possibility beyond narrow conventional expectations work possible without support already subscriber login link copied dear reader year ago happened upon statement monitor harvard business review – charming heading things interest many things end meaningful writes social scientist joseph grenny come conference workshops articles online videos began chore ended insight work kenya example heavily influenced christian science monitor article forced read 10 years earlier sometimes call things boring simply lie outside box currently in. come punchline joke monitor would probably seen global fair insightful perhaps bit earnest bran muffin journalism know change lives going argue change lives precisely force open too-small box human beings think live monitor peculiar little publication hard world figure run church church members converting people known fair even world becomes polarized time since newspaper founding 1908 mission beyond circulation want bridge divides kicking door thought everywhere saying bigger capable realize prove it. looking bran muffin journalism subscribe monitor 15 get monitor weekly magazine monitor daily email unlimited access csmonitor.com subscribe insightful journalism less noise insight follow us,"{'neg': 0.112, 'neu': 0.673, 'pos': 0.215, 'compound': 0.9976}",2013-11-01 07:52:47,Facing the anniversary of a tragedy,,3,http://csmonitor.com
16,http://feeds.foxnews.com/~r/foxnews/national/~3/KG7IemQ_sgU/,"material may published broadcast rewritten redistributed ©2021 fox news network llc rights reserved quotes displayed real-time delayed least 15 minutes market data provided factset powered implemented factset digital solutions legal statement mutual fund etf data provided refinitiv lipper richmond va. – state supreme court reversed jury wrongful death verdict state stemming killings 32 students faculty virginia tech 2007 decision issued thursday justices say state duty warn students potential acts lone student-gunman initially shot two dormitory killing 30 people killed jurors montgomery county ruled march 2012 state negligent deaths two students killed tech blacksburg campus deadliest mass shooting modern u.s. history jurors awarded families students 4 million judge reduced award state cap 100,000 family get stories need-to-know powerful name news delivered first thing every morning inbox subscribed 've successfully subscribed newsletter material may published broadcast rewritten redistributed ©2021 fox news network llc rights reserved quotes displayed real-time delayed least 15 minutes market data provided factset powered implemented factset digital solutions legal statement mutual fund etf data provided refinitiv lipper","{'neg': 0.146, 'neu': 0.735, 'pos': 0.119, 'compound': -0.8519}",2013-10-31 14:07:49,State justices reverse wrongful death verdict against state stemming from Va. Tech massacre,,1092,http://www.foxnews.com/
17,http://dailycaller.com/2013/11/15/wayne-lapierre-obamas-obsession-with-our-gun-rights/,"wayne lapierre nra barack obama candidate promised americans 2008 take guns away president united states 2013 embraced universal firearm confiscation australia england—schemes saw destruction hundreds thousands registered legal firearms outlawed taken threat force licensed gun owners governments obama revealed gun control endgame sept. 22 2013 political speech solemn memorial 12 washington navy yard victims murdered deranged killer sept. 16 2013 obama coldly used madness delusional lone mass-murderer claim rampage ought lead sort transformation … ought obsess us. breath obama defined personal obsession notion transformation ordinary american gun owners happened countries experienced similar tragedies united kingdom australia … mobilized changed. washington post praised obama demand transformation australia-style gun roundup destruction commonsense. u.s. media either ignored glossed obama embrace aussie model gun bans australian broadcasting corporation abc sept. 23 2013 led coverage u.s. president barack obama says time america follow example countries like australia comes gun control. sept. 23 2013 headline obama hails australian gun laws sky news led coverage president barack obama used australia positive example country tightened gun laws mass shooting. virtually u.s. media outlet honest enough describe actually happened formerly free english speaking cousins direct result mass murders committed lone criminally insane killers reaction murder 16 people hungerford 1987 insane killer registered semi-automatic rifles great britain banned confiscated licensed owners following 1996 massacre school children dunblane scotland registered handguns declared contraband taken destroyed owners .22-cal handguns allowed keep government approved facilities outlawed collected destroyed—because actions two criminal lunatics heels dunblane killings 1996 insane murderer australia obtained one semi-automatic rifles killing owner wife slaughtered 34 people port arthur tasmania result semi-automatic rifles including .22s semi-automatic shotguns pump shotguns banned licensed owners required turn destruction government england called buyback. reality buybacks theft—made possible using pre-existing government lists licensed owners registered guns explains obama obsessive call universal background checks —a scheme easily morphed gun-owner registration president notion crafting u.s. version australian/british tyranny come vacuum preceded spate articles designed introduce public concept key propaganda push jan. 16 2013 new york times op-ed former aussie prime minister john howard titled went guns obama too. howard touted politics forcibly disarming licensed law-abiding australians city dwellers supported plan strong resistance rural australia many farmers resented told surrender weapons used safely lives penalizing decent law-abiding citizens criminal behavior others seemed unfair many … felt bewildered betrayed new laws understood misgivings yet felt alternative. howard boasted almost 700,000 guns bought back destroyed—the equivalent 40 million guns united states. emphasis added understand australia perhaps urbanized nation world coastal non-gun-owning city dwellers dwarf rural populations long firearm tradition today urbanites places like sydney reaping real consequences john howard multiple buybacks. criminal violence illegal firearms urban centers soaring try headlines one month u.s. washington navy yard murders ballina shire advocate aug. 21 2013 new plan unveiled tackle out-of-control gun violence. news limited network aug. 2 2013 australia staring barrel gun crisis gun battle going australia bike gang members drug dealers gun regular basis sending fear community authorities seem fighting losing battle keep firearms hands. mass murders howard summed optic freedom saying hate guns wrote new york times op-ed fundamental problem ready availability high-powered weapons enabled people convert murderous impulses mass killing. people ordinary citizens confiscatory bans hysterical response insanity one person one crazy person port arthur one crazy person hungerford one crazy person dunblane one crazy person aurora colo. one crazy person sandy hook conn. one crazy person washington navy yard killers one thing common totally recognizably deranged nobody reacted insanity nobody interceded case navy yard killer—a contract worker—police warned navy violent schizophrenic hearing voices tormented extremely low frequency electromagnetic waves. record firearm abuse yet held secret security clearance carried valid navy id allowed free access military installations said meet press equally important navy yard killings lax base security amounts gun-free zone stand need look letting men women know firearms trained best protect survive. yet obama gun-ban cabal demand millions sane ordinary peaceable americans—you me—pay price lone sociopaths loss rights usa today reported obama plans bring australia/uk transformation obsession bear 2014 congressional elections say bring americans—by millions upon millions—will fight defend freedom. join nra – click","{'neg': 0.296, 'neu': 0.609, 'pos': 0.095, 'compound': -0.9995}",2013-11-15 10:59:55,Wayne LaPierre: Obama’s obsession with our gun rights,,18775,http://dailycaller.com
18,http://dailycaller.com/2013/10/24/bloomberg-uses-photos-of-mass-murderers-to-attack-cuccinelli-video/,virginia gubernatorial race gotten nasty new york mayor michael bloomberg gone far use photos mass murderers attack republican candidate ken cuccinelli bloomberg big proponent gun control laws running ads cuccinelli ahead nov. 5 election independence usa pac new ad 1.2 million buy airing television northern virginia criticizes cuccinelli views gun control showing photos dangerously mentally ill criminals country gruesome shootings recent history among make appearance ad virginia tech massacre shooter seung-hui cho sandy hook elementary school shooter adam lanza aurora movie theater shooter james holmes even though region still recovering mass shooting washington navy yard last month ad includes photo security camera shooter aaron alexis holding remington 870 shotgun rampage gun show loophole ad begins means anyone buy gun without background check dangerously mentally ill criminals endangering families. ad continues ken cuccinelli opposed closing gun show loophole comprehensive background checks gun shows criminals dangerously mentally ill siding nra undermining law enforcement. bloomberg misleading tying cuccinelli so-called gun show loophole mass murders gun rights activists often point proposed legislation would stopped shootings none murderers impeded background checks virginia tech shooter cho passed fbi nics background check navy yard shooting alexis passed fbi nics background check additional virginia background check system newtown lanza killed mom passed background checks steal guns use rampage aurora theater shooting holmes passed fbi nics background check system bloomberg said pac designed support candidates referenda local state federal races across country getting involved virginia governor race less two weeks go democrat terry mcauliffe solid lead polls watch follow alex twitter,"{'neg': 0.27, 'neu': 0.702, 'pos': 0.028, 'compound': -0.9972}",2013-10-24 11:36:26,Bloomberg uses photos of mass murderers to attack Cuccinelli [VIDEO],,18775,http://dailycaller.com
19,http://www.msnbc.com/msnbc/half-the-country-want-stricter-gun-laws,featured shows msnbc tv shows follow msnbc brands shows americans remain divided gun-control laws almost one year shooter killed 26 people sandy hook elementary school almost half—49 —of country believes legislation strict according new gallup poll released friday thirty-seven percent think laws kept 13 want less strict laws public support stricter gun laws 58 days shooting newtown conn. opposition banning handgun ownership remains 74 record-high last year one four americans believe law limit possession authorized personnel according poll majority democrats—77 —are favor tightening gun laws 23 republicans voted similarly additionally 37 democrats 16 republicans support ban possession handguns favorability stricter gun laws fell record lows—44 43 —between 2009 2011 gallup released poll day destruction began sandy hook elementary school building newtown residents voted favor earlier month accept 50 million grant demolish structure 20 students six educators killed dec. 14 students currently attend classes nearby chalk hill middle school monroe razing expected end ahead shooting one-year anniversary new building could open december 2016 related sandy hook elementary school demolition begins fatal rampages shooting attempts gunmen around country–in colorado connecticut virginia dc recently nevada–set national call stricter gun policies debate faded headlines senate april failed pass bipartisan background checks bill president last month said fears mass killings new normal confronting yet another mass shooting president obama said following last month rampage washington navy yard today happened military installation nation capital targeted military civilian personnel. 2021 nbc universal,"{'neg': 0.152, 'neu': 0.785, 'pos': 0.063, 'compound': -0.9786}",2013-10-25 09:24:57,Americans split on stricter gun laws,,359084,http://www.msnbc.com/#superglue
20,http://www.msnbc.com/msnbc/moving-forward-guns-without-congress,"featured shows msnbc tv shows follow msnbc brands shows weeks since navy yard shooting 17th mass shooting 2013 us favor common-sense reforms told repeatedly losing fight inaction congress deemed death knell gun reform gun lobby media true congress refuses move guns tried april vote u.s. senate came short – despite pleas newtown aurora families well moms like know children safer guns responsibly regulated people say lost gun reform seem think path changing laws culture federal legislation make mistake continue work hard get congress pass background check legislation congress gets act together get new congress continuing fight elsewhere taken struggle reform american businesses – winning mothers drunk driving began 1980 drinking driving generally accepted regular occurrence slowly tragic accidents much heartbreak madd helped change way americans thought alcohol driving due newfound stigma legal liability americans created concept designated drivers bartenders started calling cabs customers police set drunk driving checkpoints happy hour traffic state legislatures started passing laws made driving influence criminal act type cultural shift must happen guns little stigma attached customers bringing gun grocery store liability gun owners negligently shoot someone else whose gun used cause harm thanks hard work gun lobby gun manufacturers held liable products result manufacturers financial incentive make product improvements would prevent injuries save lives moms demand action gun sense america working hard affect shift members across country educating moms lax gun laws policies contribute much senseless death america continue work one law time one business time culture shifts back toward responsibility safety slowly making progress september starbucks formerly known friend gun enthusiasts reversed policy allowing guns inside stores previously store refused take stand banning guns result gun advocates armed everything glocks semi-automatic rifles regularly met local starbucks blatant displays intimidation bullying intended normalize open carry approach backfired months pressure moms demand action – including skip starbucks saturdays – starbucks ceo howard schultz announced guns longer welcome chain 12,000 coffee shops schultz told gun groups longer welcome stores earned back business moms across country took important stand business leader starbucks set example businesses across country shown ok stand acknowledge study study shown – safer guns present starbucks win behind us 're moving another national brand staples individual staples stores elected keep guns company yet policy ban guns stores nationwide given recent accidental shooting north carolina staples think time company step say firearms belong stores moms intensifying efforts hold company accountable right thing weeks months ahead put safety communities customers first giving politicians washington– waiting around either going keep fighting reform putting money principles supporting businesses act interest customer safety one thing listening naysayers given stakes high – damage great – sit back hope things change shannon watts founder moms demand action gun sense america 2021 nbc universal","{'neg': 0.203, 'neu': 0.64, 'pos': 0.156, 'compound': -0.9628}",2013-10-26 10:34:50,"Moving forward on guns, without Congress",,359084,http://www.msnbc.com/#superglue
21,http://www.nytimes.com/2013/11/01/us/virginia-tech-held-not-negligent-in-07-killings.html?partner=rss&emc=rss,"advertisement supported ravi somaiya virginia tech warnings students mass shooting began 2007 negligent state supreme court ruled thursday thwarting wrongful-death lawsuit brought behalf two students killed families students julia pryde erin peterson refused state settlement 2008 sought damages 10 million asserting university delayed campuswide alert might saved lives gunman seung-hui cho shot two students shortly 7 a.m. april 16 2007 campus authorities delayed alert order notify students families investigate court ruling thursday said alert went two hours later minutes mr. cho continued rampage killed 32 students faculty members killing lower court ruled last year delay negligent awarded families 4 million later reduced 100,000 supreme court disagreed based limited information school said said known reasonably foreseeable students norris hall would fall victim criminal harm. ruling much surprise said robert t. hall lawyer families duty protect duty keep safe duty ensure safety warn gunman loose university said pleased supreme court recognized corrected errors lower court resulted faulty jury verdict. advertisement","{'neg': 0.26, 'neu': 0.544, 'pos': 0.197, 'compound': -0.8934}",2013-11-01 01:16:12,Virginia Tech Held Not Negligent in ’07 Killings,,1,http://nytimes.com
22,http://www.salon.com/2013/11/05/study_white_racism_linked_with_opposition_to_gun_control_partner/,piece originally appeared pacific standard digest news yet another high-profile gun crime conversation inevitably comes back question stricter gun-control laws difficult pass country variety explanations course including political clout national rifle association also deeper psychological reasons many americans would rather endure mass shooting mass shooting rather agree restrictions gun ownership one appears ingrained racism implication newly published study finds link gun ownership opposition gun control symbolic racism —racist attitudes overt nevertheless color one view world research team led kerry brien monash university australia reports high score common measure racial resentment increases odds person gun house b opposed gun control holds true even explanatory variables including political party affiliation taken account statistics firearm-related suicides homicides u.s. might reasonably expected convince u.s. citizens action reducing gun ownership use would beneficial health researchers write online journal plos one yet u.s. whites oppose strong gun reform racial groups despite much greater likelihood whites kill guns suicide killed someone else. conclude paradoxical attitudes among american whites—who oppose measures would reduce risk violent death—can explained part anti-black prejudice. brien colleagues analyzed data several waves american national election studies large-scale surveys take place federal election years sample voters skewed slightly conservative half 52 percent sample gun home 66 percent opposed bans handguns home 52 percent reported support permits carry concealed handgun. providing detailed demographic information participants answered four questions taken symbolic racism scale specifically expressed level agreement disagreement one-to-five scale statements really matter people trying hard enough blacks would try harder could well whites. brien colleagues took range variables could influence attitudes toward guns equation including age income education level political ideology party identification whether person lived south measured whether implicitly racist attitudes predicted greater support guns gun rights indeed one point increase symbolic racism 50 percent greater odds gun home write 28 percent increase odds supporting permits carry concealed handguns. contrast correlation attitudes toward guns one question measured overt racism whether felt word violent described blacks researchers note fewer 10 percent participants strongly endorsed notion suspect significant number recoiled blatantly prejudiced tone answered negatively order avoid appearing racist. brien colleagues caution view racism underpins gun-related attitudes plausible supported evidence study shows correlation causation conceivable simply owning firearm may lead whites develop negative attitudes towards blacks write conceivable likely either way researchers note results indicate symbolic racism associated gun-related attitudes behaviors u.s. whites. unpleasant fact somehow addressed stringent gun control becomes reality copyright 2021 salon.com llc reproduction material salon pages without written permission strictly prohibited salon ® registered u.s. patent trademark office trademark salon.com llc associated press articles copyright 2016 associated press rights reserved material may published broadcast rewritten redistributed,"{'neg': 0.231, 'neu': 0.681, 'pos': 0.088, 'compound': -0.9977}",2013-11-05 09:44:18,Study: White racism linked with opposition to gun control,,1757,http://www.salon.com/
23,http://www.theverge.com/2013/10/23/4947304/trauma-counseling-psychological-first-aid-new-study,"use cookies tracking technologies improve browsing experience site show personalized content targeted ads analyze site traffic understand audiences come learn opt-out read cookie policy please also read privacy notice terms use became effective december 20 2019 choosing accept consent use cookies tracking technologies filed go-to method trauma relief nobody knows psychological first aid actually works last month floodwaters dark silt mud devastated 1,500-square-mile area surrounding denver nine people lost lives survivors lost homes others could return damage since catastrophic days janine d'anniballe tried help many unlike responders delivering blankets food instead d'anniballe offering psychological first aid pfa developed several years ago technique primary mode immediately buffering traumatic effects surviving disaster designed stabilize victims often feel numb overwhelmed angry may eventually spiral depression hopelessness pfa widely used agencies like red cross world health organization last year alone example red cross used pfa sandy hook massacre hurricane sandy boston bombings psychologist training d'anniballe past six weeks meeting survivors vacant malls gutted neighborhoods usually five ten-minute encounters takes matter-of-fact approach topics like sleep quality diet deal insurance companies federal emergency management agency fema survivors emotional start impromptu counseling session non-sexy intervention non-sexy intervention sitting person distress validating overwhelming d'anniballe says 'm illusion person wo feel overwhelmed horrible many many times moment felt bit relief approach seems intuitively right restoring person sense self-efficacy also normalizing grief stress seems like obvious way calm trauma survivor enhance resiliency maybe even ward post-traumatic stress depression pouring time resources efforts might fruitless quandary though pfa widely adopted one empirical data validate whether helps harms survivors study sponsored national institute mental health nimh hopes start solving mystery critical even interventions best intentions may make difference worse yet may aggravate symptoms trauma meaning without research responders around world pouring time resources efforts might fruitless years ago dr. michael mccart clinician national crime victims research treatment center regularly treated traumatized sexual physical assault though 80 percent disaster trauma survivors wo experience long-term psychological problems number plummets crime victims one-third develop chronic disorders amongst rape sexual assault victims reach 40 percent way prevent symptoms developing first place reflecting painful journeys patients mccart kept returning single question could help wonder might way prevent symptoms developing first place says pfa emphasis resiliency coping self-efficacy seemed like best candidate mccart medical university south carolina working nimh funding examine whether intervention actually decreases acute trauma symptoms adult crime victims three-year study concludes 2015 first ever assess pfa controlled randomized setting 150 participants study small victim work police department-based advocate traditionally helps fill paperwork goes court offers emotional support professionals trained version pfa others reasons hesitant pfa mccart study demonstrates pfa benefit high-risk population results likely generate new interest perhaps additional government funding mention lend scientific credence technique reality lot money spent training people preparing manuals discouraging practices really know right thing says farris tuma chief traumatic stress research program nimh reasons hesitant pfa scientists clinicians field disappointed promising interventions past responders relied technique called debriefing developed first responders like firefighters police officers would witness something terrible gather discuss feelings early evidence suggested men women shared intense bond felt less alone made sense apply principle groups endured disasters individuals sometimes strangers imperative trust desire relive trauma en masse indeed debriefing studied data disappointing many cases debriefing prevent reduce stress anxiety may even made symptoms worse frustration tuma says different parts mental health community started ask could may even made symptoms worse devise recipe book eight components essential pfa include calming survivors offering practical assistance providing information coping skills therapy sessions group discussions valerie cole manager disaster health mental health services red cross says clinicians responders use pfa provide immediate short-term emotional psychological relief hope might even improve odds preventing ptsd chronic conditions course conclusive data suggesting would love cole says theory science could answer question researchers stymied difficulty conducting study wake mass shooting hurricane nature events unpredictable unleash chaos even study could deployed ethical concerns recruiting participants diverting resources disaster response mccart believes project avoids complications end month advocates study deliver pfa two three interactions weeks following crime assault victims know perpetrator advocates use pfa focus safety develop strategies avoid person get protection order necessary advocates also draw pfa help victims practical considerations like housing health financial needs victims taught coping strategies encouraged maintain strong ties family friends central components pfa bottom line idea ... prevents anxiety depression next summer mccart team start analyzing data see victims given pfa show greater reductions ptsd depression general anxiety symptoms relative comparison group 'll also track measures like work performance substance use novel research pans experts say might finally offer evidence practical way steer survivors towards healthy recovery following trauma goal remained elusive years taking scientist hat quibbles problems pfa says tuma nimh bottom line idea better engaging people another way prevents anxiety depression 're trying help get data subscribe get best verge-approved tech deals week check inbox welcome email","{'neg': 0.225, 'neu': 0.618, 'pos': 0.157, 'compound': -0.9978}",2013-10-23 12:32:13,Post-Traumatic Mess? Why Crisis Counselors Still Don't Know If They're Helping Or Hurting,,27502,http://www.huffingtonpost.com/#
24,http://www.politico.com/story/2013/10/us-mass-shootings-tripled-98617.html,"attorney general eric holder says doj helped train officers respond associated press 10/21/2013 02:23 pm edt washington attorney general eric holder said monday average number mass shooting incidents tripled recent years 2000 2008 u.s. experienced average five mass shootings every year since annual average tripled holder said far 2013 least 12 said according justice department figures mass shootings 404 people shot 207 people killed 2009 2012 2000 2008 324 people shot 145 killed remarks annual conference international association chiefs police attorney general said past decade justice department helped train 50,000 front-line officers 7,000 on-scene commanders 3,000 local state federal agency heads respond active shooters disrupt planned shootings attacks fbi behavioral threat assessment center works every day local police levels law enforcement assess people may contemplating violence since 2011 center reported hundreds successful disruptions including anticipated 150 year alone holder said missing latest scoops sign politico playbook get latest news every morning inbox 2021 politico llc","{'neg': 0.142, 'neu': 0.778, 'pos': 0.08, 'compound': -0.9081}",2013-10-21 18:23:55,Holder: Mass shootings triple,,18268,https://www.politico.com/
25,http://www.breitbart.com/national-security/2013/10/23/military-training-doc-anti-christian-splc-a-trusted-source-to-define-extremism/,fox news todd starnes reported wednesday ft hood briefing reportedly soldiers told evangelical christians tea party supporters threat united states tearing nation apart. soldiers reportedly told could charged committing military crime supported donated organizations ft hood denies allegations separate source claiming present briefing asserts original account true ironically place islamic radical–maj nidal hassan–committed act terrorism murdered fourteen americans including unborn child one female victims–a presentation terrorism singled bible-believing christians supporters constitution serious threats nation islamic terrorism barely mentioned latest outrage long train disgraces days ago soldiers camp shelby mississippi instructed christian conservative american family association domestic hate group month earlier security presentation portrayed founding fathers extremists breitbart news reported christian chaplain officially censored military commanders talking importance religious faith several months lt. col. jack rich ft. campbell kentucky instructed soldiers traditional christian beliefs incompatible army values. started april breitbart news broke story top pentagon brass meeting anti-christian activist calling court-martialing observant christians share gospel jesus christ others military activist calls fundamentalist monsters enemies constitution punished sedition treason. along nation told series isolated incidents authorized military leadership military documents suggest otherwise judicial watch used foia request freedom information act obtain document defense equal opportunity management institute deomi part department defense dod 133-page training document entitled extremism pages 32-33 lesson emphasis claims provide information describes sources extremism information definitions recruitment dod personnel common themes extremist ideologies common characteristics extremist organizations dod policies command functions regarding extremist activities page cites southern poverty law center splc approved source information–and affiliate teaching tolerance splc labeled american family association domestic hate group along family research council frc religious liberty work senior fellow traditional values coalition various tea party organizations conservative border-security/immigration groups short splc labels hate groups organizations promote traditional christian view marriage social issues believe border enforcement promote constitutional limited government ironically splc group news report linked terrorism convicted domestic terrorist floyd lee corkins told fbi videotaped signed confession chose targets attempted mass-shooting frc splc hate group list including map get frc office names locations traditional groups going target murdering whoever could frc building deomi document goes several pages later say service members participate organizations raise funds encourage others support attend public rallies organized adds furthering objectives extremist organizations viewed detrimental good order discipline mission accomplishment unit therefore subject appropriate disciplinary action. tasks service members assist ing unit commanders vigilant existence activities. deomi training material fountainhead growing anti-christian discrimination wrote authorized training document result something else coming higher food chain pentagon michael berry lawyer liberty institute investigating matter tells breitbart news army responses isolated incidents raise questions answers incidents comprising disturbing trend seem one thing common use similar terminology language appears come document produced deomi may smoking gun might bunch shell casings berry tells us contacted someone works deomi gravely concerned developing situation congress empowered article section 8 constitution establishing training discipline military congress needs get bottom this–quickly ken klukowski senior legal analyst breitbart news follow twitter kenklukowski national securitydefenseextremism please let us know 're issues commenting protect big tech thank copyright 2021 breitbart,"{'neg': 0.16, 'neu': 0.688, 'pos': 0.152, 'compound': -0.9496}",2013-10-24 00:41:13,Military Training Document: Anti-Christian SPLC a Trusted Source to Define 'Extremism' - Breitbart,,19334,http://www.breitbart.com
26,http://www.slate.com/articles/life/cool_story/2013/10/two_straps_on_a_backpack_or_one_strap_what_s_cool.html,clicking agree consent slate terms service privacy policy use technologies cookies slate partners deliver relevant advertising ios app personalize content perform site analytics please see privacy policy information use data rights withdraw consent,"{'neg': 0.0, 'neu': 0.771, 'pos': 0.229, 'compound': 0.765}",2013-10-31 23:29:00,When Did Two-Strapping Get Cooler Than One-Strapping?,,19643,http://www.slate.com
27,http://www.rawstory.com/rs/2013/11/06/michael-moore-guns-dont-kill-people-americans-kill-people/,copyright 2021 raw story media inc. po box 21050 washington d.c. 20009 masthead privacy policy corrections concerns please email corrections rawstory.com manage preferences piano sign sit sidelines history join raw story investigates go ad-free support honest journalism subscribe annually 95 year 7.91/month subscribe monthly 1 trial want support 14.99 per month,"{'neg': 0.059, 'neu': 0.704, 'pos': 0.237, 'compound': 0.836}",2013-11-06 22:09:31,"Michael Moore: ‘Guns don’t kill people, Americans kill people’",motion pictures,1127,http://rawstory.com
28,http://feedproxy.google.com/~r/TheRawStory/~3/kvhjTOrl1vU/,copyright 2021 raw story media inc. po box 21050 washington d.c. 20009 masthead privacy policy corrections concerns please email corrections rawstory.com manage preferences piano sign sit sidelines history join raw story investigates go ad-free support honest journalism subscribe annually 95 year 7.91/month subscribe monthly 1 trial want support 14.99 per month,"{'neg': 0.059, 'neu': 0.704, 'pos': 0.237, 'compound': 0.836}",2013-11-01 22:11:22,Police: LAX shooting suspect carried note about ‘New World Order’ during attack,"terrorism,crime and criminals,murders and attempted murders",1127,http://rawstory.com
29,http://feedproxy.google.com/~r/TheRawStory/~3/vw2wbNgO9nI/,copyright 2021 raw story media inc. po box 21050 washington d.c. 20009 masthead privacy policy corrections concerns please email corrections rawstory.com manage preferences piano sign sit sidelines history join raw story investigates go ad-free support honest journalism subscribe annually 95 year 7.91/month subscribe monthly 1 trial want support 14.99 per month,"{'neg': 0.059, 'neu': 0.704, 'pos': 0.237, 'compound': 0.836}",2013-11-11 22:52:57,Newtown cop might be fired after being diagnosed with PTSD,"medicine and health,labor,police,murders and attempted murders",1127,http://rawstory.com
30,https://www.rollcall.com/2013/11/14/congress-unlikely-to-intervene-in-stand-down-controversy/,union representing capitol police officers rejecting internal review department response questions september navy yard shooting biased inaccurate capitol police board standing findings congress unlikely intervene point labor committee chairman james konczos claiming capitol police culture refusing get involved assisting washington d.c. community asking congress investigate highly trained team four officers responding mass shooting sept. 16 called back protect capitol house republicans charged oversight capitol police forces say reason question work review team led assistant senate sergeant-at-arms michael stenger spent weeks interviewing dozens personnel others reviewing written reports radio transmissions command center logs stenger fact review team established capitol police board senate sergeant-at-arms terrance gainer house sergeant-at-arms paul irving architect capitol stephen t. ayers capitol police chief kim dine dine request response questions raised department response house administration chairwoman candice s. miller called findings report exhaustive thorough praised professionalism containment emergency response team got traffic far radios everything clear exactly everything went michigan republican told cq roll call reason question investigation. two-page statement findings capitol police board says four-person cert unit self-deployed 11th streets southeast directed head navy yard incident command post traffic gridlock prevented getting union disputes claim saying cert officers arrived incident command post within minutes first call assistance relocated ensure first responders could reach incident awaited instructions capitol police unit recalled capitol 30 minutes reports attack facts clear cert initially directed incident command post facts clear make incident command post irving said also radio transmissions capitol police unit command post reflected would unable make due heavy traffic congestion konczos relies initial reports officers vicinity navy yard reported bbc also doubts board ability produce unbiased report since members responsible high-level security decisions day including decision put parts capitol lockdown gainer said konczos neither facts investigative experience question review union chairman respond attempts chief police briefed depth review findings. house administration committee announced plans investigate police actions konczos told cq roll call still working that. miller said keeps touch union talked particular issue said certain talk board report upcoming meeting dine keep open door line communication whether management labor said side something say certainly want hear all. rep. robert a. brady d-pa. ranking member house administration committee comment story reviewing details board report fellow house administration committee member gregg harper r-miss. found investigation thorough satisfied really valid attempt get bottom facts timeline said,"{'neg': 0.056, 'neu': 0.862, 'pos': 0.082, 'compound': 0.8658}",2013-11-14 00:00:00,Congress Unlikely to Intervene in 'Stand Down' Controversy - Roll Call,"politics and government,labor,police",19854,http://www.rollcall.com
