stories_id,publish_date,title,url,language,ap_syndicated,themes,media_id,media_name,media_url
649019406,2017-06-27 13:26:47,'Dangerous' Concealed Carry Reciprocity Measures Condemned by Mayors' Group,http://www.newsweek.com/mayors-oppose-concealed-carry-guns-629401,en,False,,1098,Newsweek ,http://www.newsweek.com/
649178981,2017-06-27 20:48:20,Sarah Palin sues New York Times for tying her PAC ad to mass shooting,https://www.boston.com/news/politics/2017/06/27/sarah-palin-sues-new-york-times-for-tying-her-pac-ad-to-mass-shooting,en,True,,15,The Boston Globe,https://www.bostonglobe.com/
649176016,2017-06-27 20:55:16,Sarah Palin sues paper for tying her PAC ad to mass shooting,http://www.startribune.com/politics/national/431196223.html,en,True,,19,Star Tribune ,http://www.startribune.com/
649173282,2017-06-27 20:52:40,Sarah Palin sues paper for tying her PAC ad to mass shooting,http://www.kansascity.com/entertainment/article158532994.html#storylink=rss,en,True,,30,Kansas City Star,http://www.kansascity.com/
649177602,2017-06-27 20:50:45,Sarah Palin Sues Paper for Tying Her PAC Ad to Mass Shooting,https://www.usnews.com/news/politics/articles/2017-06-27/sarah-palin-sues-paper-for-tying-her-pac-ad-to-mass-shooting,en,True,,1100,US News & World Report ,http://www.usnews.com/
649178217,2017-06-27 20:52:40,Sarah Palin sues paper for tying her PAC ad to mass shooting,http://www.sacbee.com/entertainment/celebrities/article158532994.html#storylink=rss,en,True,,26,Sac Bee,http://www.sacbee.com/
649227837,2017-06-27 23:49:40,Sarah Palin Is Suing the New York Times Over an Editorial She Says Defamed Her,http://feedproxy.google.com/~r/time/topstories/~3/nspjKzuxXZ0/,en,True,,40362,time,http://www.time.com/time/
649255524,2017-06-28 01:35:35,Sarah Palin sues New York Times over editorial,http://rssfeeds.azcentral.com/~/378436228/0/phoenix/nation~Sarah-Palin-sues-New-York-Times-over-editorial/,en,True,,25128,AZCentral,http://www.azcentral.com
649266427,2017-06-28 01:32:43,Sarah Palin Is Suing The New York Times,http://feedproxy.google.com/~r/uproxx/features/~3/tBFIqv5BSUI/,en,False,,68816,uproxx.com,http://www.uproxx.com/#spider
649282833,2017-06-28 03:15:00,Sarah Palin sues New York Times for tying her campaign ad to mass shooting,http://www.cnbc.com/2017/06/28/sarah-palin-sues-paper-for-tying-her-pac-ad-to-mass-shooting.html,en,True,,1755,CNBC,http://www.cnbc.com/
649288658,2017-06-28 02:04:37,Sarah Palin sues New York Times over editorial,http://rssfeeds.usatoday.com/~/378436228/0/usatoday-newstopstories~Sarah-Palin-sues-New-York-Times-over-editorial/,en,True,,4,USA Today,http://www.usatoday.com
649410062,2017-06-28 07:10:53,Sarah Palin Sues New York Times For Defamation ,http://www.rttnews.com/story.aspx?Id=2788155,en,False,,29827,rttnews,http://www.rttnews.com#spider
649444059,2017-06-28 09:30:40,Sarah Palin sues New York Times for defamation over editorial on mass shooting,http://www.post-gazette.com/news/nation/2017/06/28/Palin-sues-New-York-Times-defamation-arizona-shooting/stories/201706280127,en,False,,45,Pittsburgh Post-Gazette ,http://www.post-gazette.com/
649470137,2017-06-28 10:37:00,Sarah Palin sues the New York Times for tying her PAC ad to mass shooting,http://www.latimes.com/la-na-essential-washington-updates-sarah-palin-sues-the-new-york-times-for-1498660653-htmlstory.html,en,True,,6,LA Times,http://www.latimes.com/
649476398,2017-06-28 10:02:06,Wendell Young asks election board to look at John Cranley donations,http://rssfeeds.cincinnati.com/~/378786348/0/cincinnati-home~Wendell-Young-asks-election-board-to-look-at-John-Cranley-donations/,en,False,,26590,cincinnati.com,http://cincinnati.com
649717859,2017-06-28 19:45:34,"Ohio massacre: Alaska family claims harassment, 'killers still out there'",http://rssfeeds.usatoday.com/~/378116644/0/usatodaycomnation-topstories~Ohio-massacre-Alaska-family-claims-harassment-killers-still-out-there/,en,False,,4,USA Today,http://www.usatoday.com
649866544,2017-06-29 04:25:51,"Names and faces
",http://www.arkansasonline.com/news/2017/jun/29/names-and-faces-20150629/,en,False,,56,Arkansas Democrat-Gazette ,http://www2.arkansasonline.com/
650213787,2017-06-29 17:06:15,Guns Make Us Safe? NRA Theory Debunked in New Stanford Analysis,http://www.newsweek.com/nras-more-guns-less-crime-theory-debunked-new-stanford-analysis-630173,en,False,,1098,Newsweek ,http://www.newsweek.com/
650322557,2017-06-30 04:40:49,Judge blocks California's high-capacity magazine ban,http://www.norwichbulletin.com/news/20170630/judge-blocks-californias-high-capacity-magazine-ban?rssfeed=true,en,True,,74242,norwichbulletin.com,http://www.norwichbulletin.com/#spider
650795857,2017-06-30 21:45:32,Doctor opens fire inside Bronx hospital,http://www.startribune.com/protected/431894473.html,en,False,,19,Star Tribune ,http://www.startribune.com/
650866065,2017-07-01 02:18:21,‘The Carmichael Show’ Canceled By NBC After Season 3 Amid Controversial Mass Shooting Episode,http://www.ibtimes.com/carmichael-show-canceled-nbc-after-season-3-amid-controversial-mass-shooting-episode-2560145,en,False,,41550,IBTimes,http://www.ibtimes.com/
650988752,2017-07-01 13:23:43,17 People Were Wounded After A Mass Shooting In An Arkansas Nightclub,https://www.buzzfeed.com/franciswhittaker/little-rock-club-shooting,en,False,,6218,Buzzfeed,http://www.buzzfeed.com
650988622,2017-07-01 07:10:02,Is Canada Really That Great? Reasons to Move North on Canada's 150th Birthday ,http://www.newsweek.com/canada-really-great-reasons-move-north-canadas-150th-630502,en,False,,1098,Newsweek ,http://www.newsweek.com/
651016264,2017-07-01 10:53:20,"Little Rock, Ark., police: 17 injured after nightclub shooting",http://www.twincities.com/2017/07/01/little-rock-ark-police-17-injured-after-nightclub-shooting/,en,True,,52,St.Paul Pioneer-Press ,http://www.twincities.com/
651061249,2017-07-01 09:43:46,Over Two Dozen People Were Shot In A Mass-Shooting Incident At A Little Rock Nightclub,http://feedproxy.google.com/~r/uproxx/features/~3/GLdH7UnsxrA/,en,False,,68816,uproxx.com,http://www.uproxx.com/#spider
651088809,2017-07-01 11:06:41,Little Rock police: 25 shot in nightclub shooting,http://www.gazettenet.com/Little-Rock-police-17-injured-after-nightclub-shooting-11047158,en,True,,26140,gazettenet.com,http://www.gazettenet.com
651122147,2017-07-01 17:55:28,28 people injured in Little Rock club melee,http://www.startribune.com/protected/432014053.html,en,True,,19,Star Tribune ,http://www.startribune.com/
651396660,2017-07-02 08:56:37,"Rapper who was performing during mass shooting at Little Rock club arrested on unrelated charge
",http://www.arkansasonline.com/news/2017/jul/02/rapper-who-was-performing-when-shots-rang-out-litt/,en,False,,56,Arkansas Democrat-Gazette ,http://www2.arkansasonline.com/
651503850,2017-07-02 19:40:00,Rapper held on unrelated charges after Little Rock shooting,http://www.staradvertiser.com/2017/07/02/breaking-news/rapper-held-on-unrelated-charges-after-little-rock-shooting/,en,True,,39573,HonululuAdvertiser,http://www.staradvertiser.com/
651585633,2017-07-03 01:30:08,"GFW/Impact Wrestling to honor Pulse Nightclub survivors, victims",http://www.miamiherald.com/sports/fighting/article159380649.html#storylink=rss,en,False,,28,Miami Herald,http://www.miamiherald.com/
651630592,2017-07-03 03:42:09,"Two killings push LR total to 29
",http://www.arkansasonline.com/news/2017/jul/03/two-killings-push-lr-total-to-29-201707/,en,False,,56,Arkansas Democrat-Gazette ,http://www2.arkansasonline.com/
651759853,2017-07-03 09:17:07,Rapper who performed at Little Rock club jailed in Alabama,http://www.startribune.com/variety/music/432204143.html,en,True,,19,Star Tribune ,http://www.startribune.com/
651852448,2017-07-03 12:45:34,Man charged in mass shooting plot in Milwaukee seeks release,http://www.startribune.com/politics/national/432290393.html,en,True,,19,Star Tribune ,http://www.startribune.com/
652007142,2017-07-03 21:12:42,Report: Darren McFadden&#8217;s family members injured in Little Rock shooting,http://network.yardbarker.com/nfl/article_external/report_darren_mcfadden_8217s_family_members_injured_in_little_rock_shooting/s1_13291_24295387,en,False,,86839,yardbarker,http://www.yardbarker.com/#spider
652023895,2017-07-03 22:40:49,"Darren McFadden: Went to Little Rock club after shooting to check on relatives, offer help
",http://www.arkansasonline.com/news/2017/jul/03/darren-mcfadden-went-little-rock-club-after-shooti/,en,False,,56,Arkansas Democrat-Gazette ,http://www2.arkansasonline.com/
652039586,2017-07-03 23:49:31,Darren McFadden's family members injured in Little Rock mass shooting,http://www.sportingnews.com/nfl/news/little-rock-mass-shooting-power-ultra-lounge-video-darren-mcfaddens-family-cowboys-injured/8zouezwtd0fb13py2n8gaonzx,en,False,,208683,aol.sportingnews.com,http://aol.sportingnews.com/
653614166,2017-07-06 16:30:00,Don't expect health coverage if you survive a gunshot wound,http://www.norwichbulletin.com/zz/shareable/20170706/dont-expect-health-coverage-if-you-survive-gunshot-wound?rssfeed=true,en,False,,74242,norwichbulletin.com,http://www.norwichbulletin.com/#spider
654008137,2017-07-07 16:18:49,U.S. Judge Rejects Texas Professors' Bid to Halt Student Gun Carry,https://www.usnews.com/news/us/articles/2017-07-07/us-judge-rejects-texas-professors-bid-to-halt-student-gun-carry,en,False,,1100,US News & World Report ,http://www.usnews.com/
654012007,2017-07-07 16:18:49,U.S. judge rejects Texas professors' bid to halt student gun carry,http://feeds.reuters.com/~r/Reuters/domesticNews/~3/W2A06fTmoOE/us-texas-guns-idUSKBN19S2W5,en,False,,1089,Reuters ,http://www.reuters.com/
654064936,2017-07-07 19:15:00,Jockeying for top county spots begins as Orange County Sheriff Jerry Demings announces run for mayor,http://www.orlandosentinel.com/os-county-mayor-race-developments-20170707-story.html,en,False,,38,Orlando Sentinel,http://www.orlandosentinel.com/
654220472,2017-07-08 06:05:00,"Gay pride events proliferate, but Yankees remain a holdout",http://www.tampabay.com/sports/baseball/ml/gay-pride-events-proliferate-but-yankees-remain-a-holdout/2329770,en,False,,22,Tampa Bay Times,http://www.tampabay.com/
654554350,2017-07-09 07:17:29,Mixed feelings on supermarket reopening after mass shooting,http://www.sacbee.com/news/business/article160374879.html#storylink=rss,en,True,,26,Sac Bee,http://www.sacbee.com/
654561039,2017-07-09 07:17:29,Mixed feelings on supermarket reopening after mass shooting,http://www.miamiherald.com/news/business/article160374879.html#storylink=rss,en,True,,28,Miami Herald,http://www.miamiherald.com/
654560365,2017-07-09 07:51:16,Mixed feelings on supermarket reopening after mass shooting,http://www.startribune.com/business/433427523.html,en,True,,19,Star Tribune ,http://www.startribune.com/
654559158,2017-07-09 07:13:10,Mixed Feelings on Supermarket Reopening After Mass Shooting,https://www.usnews.com/news/us/articles/2017-07-09/mixed-feelings-on-supermarket-reopening-after-mass-shooting,en,True,,1100,US News & World Report ,http://www.usnews.com/
654569178,2017-07-09 07:25:32, Mixed feelings on supermarket reopening after mass shooting,http://abcnews.go.com/US/wireStory/mixed-feelings-supermarket-reopening-mass-shooting-48529813,en,False,,39000,ABC News,http://abcnews.go.com/
654667131,2017-07-09 13:11:02,Mixed feelings on supermarket reopening after mass shooting,http://hosted.ap.org/dynamic/stories/A/APFN_US_SUPERMARKET_SHOOTING?SITE=CAANR&SECTION=HOME&TEMPLATE=DEFAULT,en,True,,25,Orange County Register,http://www.ocregister.com/
655519303,2017-07-11 05:30:58,"Street gangs blamed for double shooting in Little Rock; teen suspect in custody
",http://www.arkansasonline.com/news/2017/jul/11/street-gangs-blamed-for-double-shooting/,en,False,,56,Arkansas Democrat-Gazette ,http://www2.arkansasonline.com/
655897413,2017-07-12 02:39:48,Report: 5 IS militants killed in police raid in Turkey,http://www.startribune.com/world/433993533.html,en,True,,19,Star Tribune ,http://www.startribune.com/
656124228,2017-07-12 09:15:56,Three California men who thwarted Paris train attack to star in Clint Eastwood movie,http://www.mercurynews.com/2017/07/12/three-americans-who-thwarted-2015-paris-train-attack-to-play-themselves-in-clint-eastwood-movie/,en,False,,35,San Jose Mercury News,http://www.mercurynews.com/
656425630,2017-07-12 21:17:05,Nation/world briefs,http://www.startribune.com/protected/434170303.html,en,False,,19,Star Tribune ,http://www.startribune.com/
656439983,2017-07-12 21:55:52,Three Americans who thwarted 2015 Paris train attack to play themselves in Clint Eastwood movie  ,http://www.denverpost.com/2017/07/12/clint-eastwood-paris-train-attack-movie-the-1517-to-paris/,en,False,,390346,"Latest news, sports, weather from Denver and Colorado | The Denver Post",http://feeds.denverpost.com/dp-news-breaking
656771749,2017-07-13 10:56:21,Co-workers of woman slain during mass shooting 'devastated',http://www.startribune.com/variety/434256073.html,en,True,,19,Star Tribune ,http://www.startribune.com/
656970802,2017-07-13 17:50:00,Hawaii Army soldier thought 9/11 was false flag attack,http://www.staradvertiser.com/2017/07/13/breaking-news/hawaii-army-soldier-thought-911-was-false-flag-attack/,en,True,,39573,HonululuAdvertiser,http://www.staradvertiser.com/
656996428,2017-07-13 19:01:56,Officer who responded to massacre to get early retirement,http://www.startribune.com/politics/national/434368413.html,en,True,,19,Star Tribune ,http://www.startribune.com/
657546191,2017-07-14 15:24:14,"Seven months in, shootings are down in Cincinnati so far",http://rssfeeds.cincinnati.com/~/397913282/0/cincinnati-home~Seven-months-in-shootings-are-down-in-Cincinnati-so-far/,en,False,,26590,cincinnati.com,http://cincinnati.com
657967035,2017-07-15 12:57:57,The New York Times asks court to toss Sarah Palin lawsuit,http://hosted.ap.org/dynamic/stories/U/US_PEOPLE_SARAH_PALIN?SITE=CAANR&SECTION=HOME&TEMPLATE=DEFAULT,en,True,,25,Orange County Register,http://www.ocregister.com/
657972967,2017-07-15 12:58:04,The New York Times Asks Court to Toss Sarah Palin Lawsuit,https://www.usnews.com/news/best-states/alaska/articles/2017-07-15/the-new-york-times-asks-court-to-toss-sarah-palin-lawsuit,en,True,,1100,US News & World Report ,http://www.usnews.com/
658014363,2017-07-15 11:05:00,Man killed in Brighton Park rifle shooting: 'Who was he here with?',http://feeds.chicagotribune.com/~r/chicagotribune/hottopics/~3/uJaso4bca0M/ct-man-killed-in-brighton-park-rifle-shooting-who-was-he-here-with-20170715-story.html,en,False,,9,Chicago Tribune,http://www.chicagotribune.com/
658617818,2017-07-17 06:00:24,Cerberus's Remington Debt Fizzles as Trump Cools Firearms Fervor,https://www.bloomberg.com/politics/articles/2017-07-17/cerberus-s-remington-debt-fizzles-as-trump-cools-firearms-fervor,en,False,,5982,BusinessWeek.com,http://www.businessweek.com/
658622468,2017-07-17 05:58:14,"Seal Beach Shooting Suspect Could Be An Off-Duty Cop, Residents Forced To Stay Indoors",http://www.ibtimes.com/seal-beach-shooting-suspect-could-be-duty-cop-residents-forced-stay-indoors-2566565,en,False,,41550,IBTimes,http://www.ibtimes.com/
659077748,2017-07-18 02:03:51,Australians stunned by Minneapolis police shooting of woman,http://hosted.ap.org/dynamic/stories/A/AS_AUSTRALIA_MINNEAPOLIS_POLICE_SHOOTING?SITE=CAANR&SECTION=HOME&TEMPLATE=DEFAULT,en,True,,25,Orange County Register,http://www.ocregister.com/
659097796,2017-07-18 03:29:11,Australians see woman's shooting by police as US nightmare,http://www.startribune.com/politics/national/435099963.html,en,True,,19,Star Tribune ,http://www.startribune.com/
659267773,2017-07-18 08:47:17,Australians see woman’s shooting by police as US nightmare,http://www.twincities.com/2017/07/18/justine-damond-minneapolis-shot-police-australians-shooting-us-nightmare/,en,False,,52,St.Paul Pioneer-Press ,http://www.twincities.com/
659362542,2017-07-18 12:08:00,David Lynch Is Obsessed with the Ways Cars Kill Us,https://www.vice.com/en_us/article/ywge5g/david-lynch-is-obsessed-with-the-ways-cars-kill-us,en,False,,300613,VICE,http://www.vice.com/en_us
659593035,2017-07-18 23:15:00,Australians see woman’s shooting by police as American nightmare,http://www.staradvertiser.com/2017/07/18/breaking-news/australians-see-womans-shooting-by-police-as-american-nightmare/,en,True,,39573,HonululuAdvertiser,http://www.staradvertiser.com/
659702231,2017-07-19 03:52:47,"Letters
",http://www.arkansasonline.com/news/2017/jul/19/letters-20170719/,en,False,,56,Arkansas Democrat-Gazette ,http://www2.arkansasonline.com/
660009544,2017-07-19 14:19:04,"Little Rock mayor to detail plan to reduce violence in city
",http://www.arkansasonline.com/news/2017/jul/19/little-rock-mayor-detail-plan-reduce-violence-city/,en,False,,56,Arkansas Democrat-Gazette ,http://www2.arkansasonline.com/
660100760,2017-07-19 16:40:00,"Orange County Fire Rescue battalion chief, firefighters reprimanded in Disney ticket-reselling incidents",http://feeds.orlandosentinel.com/~r/orlandosentinel/~3/D596jS1EzIE/os-fire-rescue-disney-tickets-20170719-story.html,en,False,,38,Orlando Sentinel,http://www.orlandosentinel.com/
660120598,2017-07-19 18:38:05,Five years ago they survived Aurora and Sandy Hook. Then they found each other.,http://www.denverpost.com/2017/07/19/aurora-sandy-hook-survivors-posey-murphy/,en,False,,390346,"Latest news, sports, weather from Denver and Colorado | The Denver Post",http://feeds.denverpost.com/dp-news-breaking
660726568,2017-07-20 16:57:50,"Little Rock mayor&#39;s plan to reduce violence in city includes intervenor program, police recruitment
",http://www.arkansasonline.com/news/2017/jul/20/little-rock-mayors-plan-reduce-violence-city-inclu/,en,False,,56,Arkansas Democrat-Gazette ,http://www2.arkansasonline.com/
661586781,2017-07-22 08:24:10,Federal grand jury indicts US soldier on terrorism charges,http://www.norwichbulletin.com/news/20170722/federal-grand-jury-indicts-us-soldier-on-terrorism-charges?rssfeed=true,en,True,,74242,norwichbulletin.com,http://www.norwichbulletin.com/#spider
662730750,2017-07-24 00:00:00,"Since Pulse, LGBTQ Bars Have Upped Security and Activists Are Worried",https://www.vice.com/en_us/article/43d85p/since-pulse-lgbtq-bars-have-upped-security-and-activists-are-worried,en,False,,300613,VICE,http://www.vice.com/en_us
662819439,2017-07-24 12:07:58,Airport Security: Government Finds More Guns Than Ever After Fort Lauderdale Airport Shooting,http://www.newsweek.com/airport-security-government-finds-more-guns-ever-after-fort-lauderdale-airport-641108,en,False,,1098,Newsweek ,http://www.newsweek.com/
662968705,2017-07-24 18:01:16,Rapper from Little Rock club ordered held in separate case,http://www.startribune.com/nation/436377623.html,en,True,,19,Star Tribune ,http://www.startribune.com/
662970320,2017-07-24 17:56:41,Rapper From Little Rock Club Ordered Held in Separate Case,https://www.usnews.com/news/best-states/arkansas/articles/2017-07-24/rapper-from-little-rock-club-ordered-held-in-separate-case,en,True,,1100,US News & World Report ,http://www.usnews.com/
663166916,2017-07-25 03:34:18,"Shootings in LR kill man, boy
",http://www.arkansasonline.com/news/2017/jul/25/shootings-in-lr-kill-man-boy-20170725/,en,False,,56,Arkansas Democrat-Gazette ,http://www2.arkansasonline.com/
664087031,2017-07-26 11:24:10,Column: Unattended consequences,http://rssfeeds.cincinnati.com/~/411638302/0/cincinnati-home~Column-Unattended-consequences/,en,False,,26590,cincinnati.com,http://cincinnati.com
664230335,2017-07-26 13:43:36,Exclusive investigation: ATF inspection on shop where Pulse shooter Omar Mateen bought guns,http://rssfeeds.usatoday.com/~/411765624/0/usatoday-newstopstories~Exclusive-investigation-ATF-inspection-on-shop-where-Pulse-shooter-Omar-Mateen-bought-guns/,en,False,,4,USA Today,http://www.usatoday.com
664405634,2017-07-27 02:33:14,Shooter Will Be Cut Short Because of Ryan Phillippe's Injury,http://www.norwichbulletin.com/entertainment/20170727/shooter-will-be-cut-short-because-of-ryan-phillippes-injury?rssfeed=true,en,False,,74242,norwichbulletin.com,http://www.norwichbulletin.com/#spider
665357049,2017-07-27 13:30:00,Orlando Health expanding trauma center,http://www.orlandosentinel.com/os-orlando-health-trauma-expansion-20170727-story.html,en,False,,38,Orlando Sentinel,http://www.orlandosentinel.com/
666615383,2017-06-28 08:00:00,Sarah Palin sues New York Times for defamation over editorial on mass shooting,https://www.washingtonpost.com/news/morning-mix/wp/2017/06/28/sarah-palin-sues-new-york-times-for-defamation-over-editorial-on-mass-shooting/?tid=a_inl&utm_term=.d7c6c0b9f67b,en,False,,2,Washington Post,http://washingtonpost.com
713085813,2017-07-10 10:05:19,NY Times Lawyer Argues Editorial Blaming Palin Was 'Honest Mistake',http://www.Newsmax.com/Newsfront/ny-times-lawyer-sarah-palin-editorial/2017/07/10/id/800761,en,False,,25349,Newsmax,http://www.newsmax.com
719113231,2017-06-27 21:09:26,Sarah Palin Sues The New York Times,https://www.huffingtonpost.com/entry/sarah-palin-sues-new-york-times_us_5952f776e4b02734df2e54d8?utm_hp_ref=sarah-palin,en,False,,623375,Huffington Post - United States,http://www.huffingtonpost.com/?country=US
649400196,2017-06-28 07:56:52,"N.C. man, 21, sentenced to life for terror plot",http://rssfeeds.usatoday.com/~/378678032/0/usatodaycomnation-topstories~NC-man-sentenced-to-life-for-terror-plot,en,False,,4,USA Today,http://www.usatoday.com
657114447,2017-07-14 01:04:00,Soldier Held Without Bail On Terrorism Charges,http://rssfeeds.usatoday.com/~/397126826/0/usatodaycomnation-topstories~Soldier-Held-Without-Bail-On-Terrorism-Charges/,en,False,,4,USA Today,http://www.usatoday.com
721134219,2017-06-27 09:44:07,"Of Caesar, Guns And Trolls: The Evil That Men Do",https://www.huffingtonpost.com/entry/of-caesar-guns-and-trolls-the-evil-that-men-do_us_5951a664e4b0326c0a8d0acd?utm_hp_ref=steve-scalise,en,False,,623375,Huffington Post - United States,http://www.huffingtonpost.com/?country=US
721239218,2017-07-24 09:35:35,Is Life In Norway As Happy As It’s Cracked Up To Be?,https://www.huffingtonpost.com/entry/is-life-in-norway-as-happy-as-its-cracked-up-to-be_us_5975f67be4b0545a5c3101ba?utm_hp_ref=norway,en,False,,623375,Huffington Post - United States,http://www.huffingtonpost.com/?country=US
711814793,2017-07-05 17:30:25,"Wednesday's Mini-Report, 7.5.17",http://www.msnbc.com/rachel-maddow-show/wednesdays-mini-report-7517,en,False,,359084,Superglue: MSNBC,http://www.msnbc.com/#superglue
719089405,2017-07-20 16:38:08,"For Shocked Australians, America's Gun Nightmare Hits Home",https://www.huffingtonpost.com/entry/justine-damond-australia-gun-violence_us_5970fefee4b062ea5f90b35d?utm_hp_ref=police-shooting,en,False,,623375,Huffington Post - United States,http://www.huffingtonpost.com/?country=US
659138572,2017-07-18 04:35:23,Australians shocked by bride-to-be's shooting by Minneapolis police,http://rssfeeds.usatoday.com/~/401996128/0/usatoday-newstopstories~Australians-shocked-by-bridetobes-shooting-by-Minneapolis-police/,en,True,,4,USA Today,http://www.usatoday.com
662963648,2017-06-30 08:00:00,Why hundreds of New York Times employees staged a walkout,https://www.washingtonpost.com/news/morning-mix/wp/2017/06/30/the-new-york-times-is-eliminating-its-copy-editing-desk-so-hundreds-of-employees-walked-out/,en,False,,2,Washington Post,http://washingtonpost.com
721417869,2017-07-06 08:00:00,Gun-Related Deaths in America Keep Going Up,http://time.com/5011599/gun-deaths-rate-america-cdc-data/?xid=homepage,en,False,,4419,Time,http://time.com
695278293,2017-06-28 16:21:23,Why the New York Times Should Settle with Sarah Palin - Breitbart,http://www.breitbart.com/big-journalism/2017/06/28/sarah-palin-new-york-times-settle/?utm_source=feedburner&utm_medium=feed&utm_campaign=Feed%3A+breitbart+%28Breitbart+News%29,en,False,,19334,Breitbart,http://www.breitbart.com
673014512,2017-07-07 09:59:27,"Gabby Giffords ""heartbroken"" over congressional baseball shooting",https://www.cbsnews.com/news/gabby-giffords-heartbroken-over-congressional-baseball-shooting/,en,False,,1752,CBS News,http://www.cbsnews.com/
721528196,2017-07-06 08:00:00,Las Vegas Was the Deadliest Shooting in Modern U.S. History. Here's Why 'Modern' Is So Important,http://time.com/4968108/las-vegas-deadliest-shooting-modern-us-history/?utm_campaign=time&utm_source=facebook.com&utm_medium=social&xid=time_socialflow_facebook,en,False,,4419,Time,http://time.com
659281035,2017-07-18 09:33:02,Senator Warns The U.S. Is “On Pace” For Most Mass Shootings Ever In 2017,http://elitedaily.com/news/politics/senator-warns-u-s-pace-mass-shootings-ever-2017/2019074/,en,False,,70102,elitedaily.com,http://elitedaily.com/#spider
659072415,2017-07-18 01:53:23,Australians Stunned by Minneapolis Police Shooting of Woman,https://www.usnews.com/news/world/articles/2017-07-18/australians-stunned-by-minneapolis-police-shooting-of-woman,en,True,,1100,US News & World Report ,http://www.usnews.com/
818400303,2017-06-27 00:00:00,Sarah Palin sues New York Times for accusing her of inciting mass shooting,http://www.businessinsider.com/sarah-palin-sues-new-york-times-defamation-gabby-giffords-2017-6?utm_source=feedburner&utm_medium=referral,en,True,,18710,Business Insider,http://www.businessinsider.com
655342194,2017-07-11 02:51:57,Eight Killed in Thailand in Rare Mass Shooting: Police,https://www.usnews.com/news/world/articles/2017-07-11/eight-killed-in-thailand-in-rare-mass-shooting-police,en,False,,1100,US News & World Report ,http://www.usnews.com/
692227284,2017-07-24 08:00:00,How Trump Is Transforming Rural America,https://www.newyorker.com/magazine/2017/07/24/how-trump-is-transforming-rural-america?mbid=social_twitter,en,False,,1101,New Yorker,http://www.newyorker.com/
649520815,2017-06-28 12:00:09,NewsWatch: Sarah Palin sues the New York Times over alleged defamation,http://www.marketwatch.com/news/story.asp?guid=%7B76BA885D-9B1B-4636-A62E-E48C6B2AA5CD%7D&siteid=rss&rss=1,en,False,,1150,Wall Street Journal,https://www.wsj.com/
721464881,2017-07-06 08:00:00,The Fight Over Gun Control Isn’t Really About Guns,http://time.com/4970279/fight-over-gun-control-isnt-really-about-guns/?iid=sr-link8,en,False,,4419,Time,http://time.com
655894646,2017-07-12 02:25:12,Report: 5 IS Militants Killed in Police Raid in Turkey,https://www.usnews.com/news/world/articles/2017-07-12/report-5-is-militants-killed-in-police-raid-in-turkey,en,True,,1100,US News & World Report ,http://www.usnews.com/
650298530,2017-06-29 23:00:00,Friday's TV highlights: 'The Lion in Winter' on KCET and more,http://www.latimes.com/la-et-st-0630-tvhighlights-20170630-story.html,en,False,,6,LA Times,http://www.latimes.com/
659432658,2017-07-18 15:37:46,South Carolina debuts a new model for bridging racial divides,http://www.csmonitor.com/USA/Justice/2017/0718/South-Carolina-debuts-a-new-model-for-bridging-racial-divides,en,False,,3,Christian Science Monitor,http://csmonitor.com
651554018,2017-07-02 23:35:50,Rapper held on unrelated charges after Little Rock shooting,http://www.ocregister.com/2017/07/02/rapper-held-on-unrelated-charges-after-little-rock-shooting/,,True,,25,Orange County Register,http://www.ocregister.com/
655217027,2017-07-10 18:06:08,Joe Deters: Colerain Township mass shooting could be a capital murder case,http://rssfeeds.cincinnati.com/~/393066692/0/cincinnati-home~Joe-Deters-Colerain-Township-mass-shooting-could-be-a-capital-murder-case/,en,False,,26590,cincinnati.com,http://cincinnati.com
657942566,2017-07-15 11:05:00,Man killed in Brighton Park rifle shooting: 'Who was he here with',http://www.chicagotribune.com/ct-man-killed-in-brighton-park-rifle-shooting-who-was-he-here-with-20170715-story.html,en,False,,9,Chicago Tribune,http://www.chicagotribune.com/
655514654,2017-07-11 08:19:00,"Man forced into Pace van, fatally shot on South Side",http://feeds.chicagotribune.com/~r/chicagotribune/offtopic/~3/3fGyfT13890/ct-man-forced-into-pace-van-fatally-shot-on-south-side-20170711-story.html,en,False,,9,Chicago Tribune,http://www.chicagotribune.com/
661498635,2017-07-21 23:37:00,Federal grand jury indicts U.S. soldier on terrorism charges,http://feedproxy.google.com/~r/baltimoresun/news/nation/rss2/~3/jaNyRcL4RMA/ct-us-soldier-hawaii-terrorism-charges-20170721-story.html,en,False,,34,Baltimore Sun,http://www.baltimoresun.com/
809870900,2017-06-27 21:27:57,Deputy Press Secretary Chewed Out by Reporter: 'You're Inflaming Everybody' (Video),https://www.thewrap.com/white-house-press-secretary-chewed-reporter-youre-inflaming-everybody-video/,en,False,,18704,The Wrap,http://www.thewrap.com
651486566,2017-07-02 19:01:48,Jerrod Carmichael Quits &#8216;The Carmichael Show&#8217; Ending its Troubled  Run on NBC,http://www.eurweb.com/2017/07/jerrod-carmichael-quits-carmichael-show-ending-troubled-run-nbc/,en,False,,25336,eurweb,http://www.eurweb.com
651079126,2017-07-01 14:30:59,"Little Rock Shooting: 28 Injured, Terrorism Ruled Out",http://feeds.inquisitr.com/~r/google/yDYq/~3/0mTrTVvVJ94/,en,False,,26924,Inquisitr,http://www.inquisitr.com
651084694,2017-07-01 15:04:10,"25 People Shot In Little Rock, Arkansas Club, Here's What We Know",http://elitedaily.com/news/25-people-shot-little-rock-arkansas-club-heres-know/2008691/,en,False,,70102,elitedaily.com,http://elitedaily.com/#spider
659432643,2017-07-18 14:25:00,Judge denies request to drop obstruction charge for Pulse shooter's widow,http://feeds.orlandosentinel.com/~r/orlandosentinel/~3/_0-8hMSD4mQ/os-pulse-shooting-noor-salman-obstruction-20170718-story.html,en,False,,38,Orlando Sentinel,http://www.orlandosentinel.com/
649471240,2017-06-28 09:59:00,Sarah Palin sues New York Times for defamation over editorial on mass shooting,http://feeds.chicagotribune.com/~r/chicagotribune/offtopic/~3/xRe1La5nLHE/ct-sarah-palin-new-york-times-lawsuit-20170628-story.html,en,False,,9,Chicago Tribune,http://www.chicagotribune.com/
650176993,2017-06-29 16:00:12,Review: &#8216;brownsville&#8217; in Berkeley reloads a life cut short by gun violence,http://www.mercurynews.com/2017/06/29/review-brownsville-in-berkeley-reloads-a-life-cut-short-by-gun-violence/,en,False,,35,San Jose Mercury News,http://www.mercurynews.com/
649618068,2017-06-28 09:59:00,Sarah Palin sues New York Times for defamation over editorial on mass shooting,http://feedproxy.google.com/~r/baltimoresun/news/nation/rss2/~3/kZnkRygQRdM/ct-sarah-palin-new-york-times-lawsuit-20170628-story.html,en,False,,34,Baltimore Sun,http://www.baltimoresun.com/
660665365,2017-07-20 14:15:43,Montini: What we've learned five years after Aurora theater shooting,http://rssfeeds.azcentral.com/~/404896764/0/phoenix/opinions~Montini-What-weve-learned-five-years-after-Aurora-theater-shooting/,en,False,,25128,AZCentral,http://www.azcentral.com
651109783,2017-07-01 16:01:00,28 injured after gunfire erupts at Little Rock nightclub: police,http://www.sun-sentinel.com/ct-little-rock-nightclub-shooting-20170701-story.html,en,True,,39,South Florida Sun-Sentinel,http://www.sun-sentinel.com/
654302420,2017-07-08 11:39:45,Black Lives Matter Sued: Baton Rouge Police Officer Shot In 2016 Ambush Claims BLM Incited Violence,http://feeds.inquisitr.com/~r/google/yDYq/~3/q8SgxrwObqM/,en,False,,26924,Inquisitr,http://www.inquisitr.com
650991055,2017-07-01 09:41:11, Little Rock police: 17 injured after nightclub shooting,http://abcnews.go.com/US/wireStory/rock-police-injured-nightclub-shooting-48389589,en,False,,39000,ABC News,http://abcnews.go.com/
664665216,2017-07-26 16:58:04,ATF releases inspection on shop where Pulse shooter Omar Mateen bought guns,http://rssfeeds.azcentral.com/~/411765624/0/phoenix/nation~ATF-releases-inspection-on-shop-where-Pulse-shooter-Omar-Mateen-bought-guns/,en,False,,25128,AZCentral,http://www.azcentral.com
651051667,2017-07-01 12:10:00,25 shot during rap show at Little Rock nightclub,http://www.sun-sentinel.com/la-na-little-rock-nightclub-shooting-20170701-story.html,en,True,,39,South Florida Sun-Sentinel,http://www.sun-sentinel.com/
651044762,2017-07-01 12:29:00,25 injured in Little Rock nightclub shooting: police,http://feeds.chicagotribune.com/~r/chicagotribune/offtopic/~3/6oBqXnrDXiw/ct-little-rock-nightclub-shooting-20170701-story.html,en,False,,9,Chicago Tribune,http://www.chicagotribune.com/
655750943,2017-07-11 17:49:01,Events That Led to Arrest of Army Soldier on Terror Charges,https://www.usnews.com/news/us/articles/2017-07-11/events-that-led-to-arrest-of-army-soldier-on-terror-charges,en,True,,1100,US News & World Report ,http://www.usnews.com/
651052209,2017-07-01 12:01:46,Little Rock police: 25 people shot at nightclub,http://www.ocregister.com/2017/07/01/little-rock-police-several-injured-after-nightclub-shooting/,en,True,,25,Orange County Register,http://www.ocregister.com/
655769924,2017-07-11 18:17:23,Events that led to arrest of Army soldier on terror charges,http://hosted.ap.org/dynamic/stories/U/US_SOLDIER_ARRESTED_HAWAII_TIMELINE?SITE=CAANR&SECTION=HOME&TEMPLATE=DEFAULT,en,True,,25,Orange County Register,http://www.ocregister.com/
656510590,2017-07-13 00:17:29, Police say $10K reward offered for Ohio shooting information ,http://www.chron.com/news/crime/article/Police-say-10K-reward-offered-for-Ohio-shooting-11285115.php,en,True,,10,houstonchronicle,http://www.chron.com/
651086541,2017-07-01 10:45:43,Shooting at Little Rock Nightclub Leaves 28 Injured,http://feedproxy.google.com/~r/thr/music/~3/hkyE7cjPUtY/little-rock-nightclub-shooting-injured-concert-dispute-1018395,en,True,,18496,Hollywood Reporter,http://www.hollywoodreporter.com
659101714,2017-07-18 03:20:09, Australians see woman's shooting by police as US nightmare,http://abcnews.go.com/International/wireStory/australians-stunned-minneapolis-police-shooting-woman-48694515,en,False,,39000,ABC News,http://abcnews.go.com/
687348089,2017-07-03 08:00:00,Man charged in mass shooting plot at Milwaukee Masonic center seeks release,http://www.jsonline.com/story/news/crime/2017/07/03/lawyers-seek-release-man-charged-16-months-ago-plotting-foiled-machine-gun-attack-milwaukee/424399001/,en,False,,36,Milwaukee Journal Sentinel ,http://www.jsonline.com/
660239531,2017-07-07 08:00:08,This lawsuit could shut internet Nazis down,https://www.cnet.com/news/taking-trolls-to-court-lawsuit-targets-the-daily-stormer/#ftag=CAD590a51e,en,False,,4415,CNET,http://cnet.com
649193265,2017-06-27 22:02:21,Sarah Palin Sues New York Times for Libel,http://www.thewrap.com/sarah-palin-sues-new-york-times-for-libel/,en,False,,18704,The Wrap,http://www.thewrap.com
649416429,2017-06-28 07:58:27,Sarah Palin sues New York Times for defamation over editorial on mass shooting,http://www.tampabay.com/news/politics/national/sarah-palin-sues-new-york-times-for-defamation-over-editorial-on-mass/2328701,en,False,,22,Tampa Bay Times,http://www.tampabay.com/
649332396,2017-06-28 05:22:11,"NC Man, 21, Sentenced To Life For Terror Plot",http://rssfeeds.azcentral.com/~/378536346/0/phoenix/nation~NC-Man-Sentenced-To-Life-For-Terror-Plot/,en,False,,25128,AZCentral,http://www.azcentral.com
748149585,2017-07-23 08:00:00,U.S. Army Sergeant Is Charged With Trying to Aid Islamic State,https://www.nytimes.com/2017/07/23/world/middleeast/army-solder-charged-islamic-state.html?rref=collection%2Fsectioncollection%2Fmiddleeast,en,False,,1,New York Times,http://nytimes.com
661488209,2017-07-21 23:16:01,Federal Grand Jury Indicts US Soldier on Terrorism Charges,https://www.usnews.com/news/us/articles/2017-07-21/federal-grand-jury-indicts-us-soldier-on-terrorism-charges,en,True,,1100,US News & World Report ,http://www.usnews.com/
656940656,2017-07-13 16:55:15,Hawaii Army Soldier Thought 9/11 Was False Flag Attack,https://www.usnews.com/news/world/articles/2017-07-13/hawaii-army-soldier-thought-9-11-was-false-flag-attack,en,True,,1100,US News & World Report ,http://www.usnews.com/
651754428,2017-07-03 08:57:37,Rapper Who Performed at Little Rock Club Jailed in Alabama,https://www.usnews.com/news/us/articles/2017-07-03/rapper-who-performed-at-little-rock-club-arrested-in-alabama,en,True,,1100,US News & World Report ,http://www.usnews.com/
844448583,2017-06-30 06:33:58,Friday links | National Review,https://www.nationalreview.com/corner/friday-links-70/,en,False,,1117,National Review,http://www.nationalreview.com/
662376642,2017-07-23 20:09:08,A U.S. Army sergeant allegedly pledged loyalty and tried to aid ISIS,http://www.miamiherald.com/news/nation-world/national/article163224428.html#storylink=rss,en,False,,28,Miami Herald,http://www.miamiherald.com/
662375246,2017-07-23 20:09:08,A U.S. Army sergeant allegedly pledged loyalty and tried to aid ISIS,http://www.kansascity.com/news/nation-world/national/article163224428.html#storylink=rss,en,False,,30,Kansas City Star,http://www.kansascity.com/
756625102,2017-06-30 16:35:05,"NBC cancels The Carmichael Show
",http://ew.com/tv/2017/06/30/nbc-cancels-carmichael-show/,en,False,,72605,Entertainment Weekly,http://www.ew.com
651096149,2017-07-01 15:45:31,28 injured after gunfire erupts at Little Rock nightclub,http://www.kansascity.com/entertainment/article159223854.html#storylink=rss,en,True,,30,Kansas City Star,http://www.kansascity.com/
651069444,2017-07-01 13:59:52,"He died after shooting a GOP congressman. Now, his wife has to deal with his remains",http://www.kansascity.com/news/nation-world/national/article159243909.html#storylink=rss,en,False,,30,Kansas City Star,http://www.kansascity.com/
651090964,2017-07-01 13:59:52,"He died after shooting a GOP congressman. Now, his wife has to deal with his remains",http://www.sacbee.com/news/nation-world/national/article159243909.html#storylink=rss,en,False,,26,Sac Bee,http://www.sacbee.com/
661488374,2017-07-21 23:17:42,Federal grand jury indicts US soldier on terrorism charges,http://www.miamiherald.com/news/nation-world/article163054288.html#storylink=rss,en,True,,28,Miami Herald,http://www.miamiherald.com/
858542490,2017-07-09 00:00:00,A family gathered for a gender reveal party. Then men burst in and began shooting.,https://www.washingtonpost.com/news/true-crime/wp/2017/07/09/a-family-gathered-for-a-gender-reveal-party-then-men-burst-in-and-began-shooting/?utm_term=.89cf9c247ba7,en,False,,2,Washington Post,http://washingtonpost.com
659094843,2017-07-18 03:21:36,Australians see woman's shooting by police as US nightmare,http://www.miamiherald.com/news/nation-world/article161907263.html#storylink=rss,en,True,,28,Miami Herald,http://www.miamiherald.com/
657267571,2017-07-14 07:02:44,"Police reports detail Jason Dalton's threats, bizarre behavior in jail",http://www.mlive.com/news/kalamazoo/index.ssf/2017/07/jason_dalton_jail_records.html,en,False,,65422,mlive.com,http://mlive.com/
817881647,2017-06-27 00:00:00,Sarah Palin Has Filed A Defamation Lawsuit Against The New York Times,https://www.buzzfeed.com/claudiakoerner/sarah-palin-is-suing-the-new-york-times-for-libel?utm_term=.kjzpxJ5Nw3#.knjKeb46Y2,en,False,,6218,Buzzfeed,http://www.buzzfeed.com
657023796,2017-07-13 20:23:45,Hawaii soldier thought US government behind Sept. 11 attacks,http://www.sacbee.com/news/article161239438.html#storylink=rss,en,True,,26,Sac Bee,http://www.sacbee.com/
661487538,2017-07-21 23:17:42,Federal grand jury indicts US soldier on terrorism charges,http://www.kansascity.com/news/nation-world/article163054288.html#storylink=rss,en,True,,30,Kansas City Star,http://www.kansascity.com/
661302399,2017-07-21 13:54:24,"Five Years Ago, James Holmes Opened Fire In An Aurora, Colorado Movie Theater, Victims Remembered",http://www.inquisitr.com/4382006/five-years-ago-james-holmes-opened-fire-in-an-aurora-co-movie-theater-victims-remembered/,en,False,,26924,Inquisitr,http://www.inquisitr.com
664809744,2017-07-27 13:55:00,"Adam Schiff, President Trump and the serendipity of slander",http://feeds.latimes.com/~r/latimes/sports/basketball/nba/~3/b9W9X0FYCec/la-pol-ca-on-politics-column-170728-story.html,en,True,,6,LA Times,http://www.latimes.com/
657026827,2017-07-13 20:23:45,Hawaii soldier thought US government behind Sept. 11 attacks,http://www.miamiherald.com/news/article161239438.html#storylink=rss,en,True,,28,Miami Herald,http://www.miamiherald.com/
661488456,2017-07-21 23:17:42,Federal grand jury indicts US soldier on terrorism charges,http://www.sacbee.com/latest-news/article163054288.html#storylink=rss,en,True,,26,Sac Bee,http://www.sacbee.com/
873379146,2017-06-30 17:03:17,San Diego judge halts high-capacity gun magazine law from taking effect,http://www.sandiegouniontribune.com/news/courts/sd-me-magazine-ban-20170629-story.html,en,True,,268225,San Diego Union Tribune,http://sandiegouniontribune.com/
713024600,2017-07-12 21:25:19,Apple to Open Data Center in China with Government Ties,http://www.Newsmax.com/Newsfront/apple-opens-china-data/2017/07/12/id/801344,en,False,,25349,Newsmax,http://www.newsmax.com
656452881,2017-07-12 22:45:51,Apple opening a China data center with government ties,http://www.cbsnews.com/news/apple-is-opening-a-china-data-center-with-government-ties/,en,False,,1752,CBS News,http://www.cbsnews.com/
656448592,2017-07-12 22:38:47,Apple to open data center in China with government ties,http://www.miamiherald.com/news/business/article160990369.html#storylink=rss,en,True,,28,Miami Herald,http://www.miamiherald.com/
663775230,2017-07-24 09:35:35,Is Life In Norway As Happy As It’s Cracked Up To Be?,http://www.huffingtonpost.com/entry/is-life-in-norway-as-happy-as-its-cracked-up-to-be_us_5975f67be4b0545a5c3101ba?utm_hp_ref=racism,en,False,,27502,HuffPost,http://www.huffingtonpost.com/#
660891439,2017-07-20 14:01:50,Column: John McCain's living legacy is to show us the kind of leadership that's possible,http://www.tampabay.com/opinion/columns/column-john-mccains-living-legacy-is-to-show-us-the-kind-of-leadership/2331002,en,False,,22,Tampa Bay Times,http://www.tampabay.com/
662750439,2017-07-24 10:19:31,Is Life in Norway as Happy as It's Cracked Up to Be?,https://www.usnews.com/news/best-countries/articles/2017-07-24/is-life-in-norway-as-happy-as-its-cracked-up-to-be,en,False,,1100,US News & World Report ,http://www.usnews.com/
654238807,2017-07-08 07:00:06,Nikki Haley: global face of Trump administration strikes delicate balance,https://www.theguardian.com/us-news/2017/jul/08/nikki-haley-trump-administration-un-ambassador,en,False,,1751,Guardian US,https://www.theguardian.com/us
660726774,2017-07-20 17:01:16,Here’s What Trump Has Done Right in His First 6 Months,http://fortune.com/2017/07/20/donald-trump-twitter-news-drain-swamp-6-months/,en,False,,1105,Fortune ,http://fortune.com
662803209,2017-07-24 02:19:59,Is life in Norway as happy as it’s cracked up to be?,http://theconversation.com/is-life-in-norway-as-happy-as-its-cracked-up-to-be-76516,en,False,,54346,Conversation,https://theconversation.com/us
658564966,2017-07-14 08:00:00,"""Every mom's worst nightmare"": Coping with a child's mental illness",http://www.cbsnews.com/news/every-moms-worst-nightmare-coping-with-a-childs-mental-illness/,en,False,,1752,CBS News,http://www.cbsnews.com/
649419076,2017-06-28 09:09:29,Sarah Palin sues New York Times for defamation over editorial on mass shooting,http://www.miamiherald.com/news/nation-world/national/article158572119.html#storylink=rss,en,False,,28,Miami Herald,http://www.miamiherald.com/
650583018,2017-06-30 11:08:57,Trigaux: Ten Tampa Bay movers and shakers to watch in second half of 2017,http://www.tampabay.com/news/business/trigaux-ten-tampa-bay-movers-and-shakers-to-watch-in-second-half-of-2017/2328975,en,False,,22,Tampa Bay Times,http://www.tampabay.com/
664177714,2017-06-28 03:44:00,Sarah Palin sues New York Times for tying her ads to mass shooting,http://www.cbsnews.com/news/sarah-palin-sues-new-york-times-for-tying-her-ads-to-mass-shooting/?ftag=CNM-00-10aab7e&linkId=39190812,en,True,,1752,CBS News,http://www.cbsnews.com/
651075265,2017-07-01 13:59:52,"He died after shooting a GOP congressman. Now, his wife has to deal with his remains",http://www.miamiherald.com/news/nation-world/national/article159243909.html#storylink=rss,en,False,,28,Miami Herald,http://www.miamiherald.com/
651098078,2017-07-01 15:45:31,28 injured after gunfire erupts at Little Rock nightclub,http://www.miamiherald.com/entertainment/celebrities/article159223854.html#storylink=rss,en,True,,28,Miami Herald,http://www.miamiherald.com/
654865229,2017-07-10 04:00:05,"1,853 cybercrime reports for &#39;16 in state, FBI says
",http://www.arkansasonline.com/news/2017/jul/10/1-853-cybercrime-reports-for-16-in-stat/,en,False,,56,Arkansas Democrat-Gazette ,http://www2.arkansasonline.com/
818610369,2017-06-28 00:00:00,"'The Carmichael Show' Blames Republicans for Mass Shooting, Mocks Police",https://www.newsbusters.org/blogs/culture/callista-ring/2017/06/28/carmichael-show-blames-republicans-mass-shooting-mocks-police,en,False,,1125,NewsBusters,http://newsbusters.org
655190424,2017-07-10 16:42:46,Police Shoot Couple Dressed As The Joker And Harley Quinn During Sex Act At An Australian Nightclub,http://www.ibtimes.com/police-shoot-couple-dressed-joker-harley-quinn-during-sex-act-australian-nightclub-2563738,en,False,,41550,IBTimes,http://www.ibtimes.com/
662888703,2017-07-24 14:48:49,Republican uses Virginia shooting to show commitment to gun rights in ad,https://www.theguardian.com/us-news/2017/jul/24/republican-mo-brooks-virginia-shooting-gun-rights-campaign-ad,en,False,,1751,Guardian US,https://www.theguardian.com/us
659227884,2017-06-28 08:00:00,"Sarah Palin Sues 'New York Times,' Says Editorial Defamed Her",http://www.npr.org/sections/thetwo-way/2017/06/28/534661773/sarah-palin-sues-new-york-times-says-editorial-defamed-her,en,False,,1096,NPR,http://www.npr.org/
649608759,2017-06-28 09:21:58,Showdown: Sarah Palin vs the New York Times,http://hotair.com/archives/2017/06/28/showdown-sarah-palin-vs-new-york-times/,en,False,,117,Hot Air  ,http://hotair.com
651367007,2017-07-02 10:30:52,New York Times says crime occurred in &#8216;downtown Arkansas&#8217; — promptly gets mercilessly mocked,http://www.theblaze.com/news/2017/07/02/new-york-times-says-crime-occurred-in-downtown-arkansas-promptly-gets-mercilessly-mocked/,en,False,,22088,Blaze,http://www.theblaze.com
649561641,2017-06-28 13:15:39,"N.C. Man Attempts ISIS Terror Attack ‘More Sinister’ than 2016 Orlando Shooting, Gets Life Sentence",http://www.cnsnews.com/blog/craig-bannister/nc-man-attempts-isis-terror-attack-more-sinister-2016-orlando-shooting-gets,en,False,,20357,CNS News,http://cnsnews.com
650192626,2017-06-29 16:07:58,Black Man Takes Mississippi Flag To Supreme Court,http://dailycaller.com/2017/06/29/black-man-takes-mississippi-flag-to-supreme-court/,en,True,,18775,Daily Caller,http://dailycaller.com
717244933,2017-07-12 08:00:00,"Co-worker: Autum Garrett, killed in Colerain Township shooting, lived for her family",https://www.cincinnati.com/story/news/2017/07/12/co-worker-autum-garrett-killed-colerain-township-shooting-lived-her-family/473795001/,en,False,,26590,cincinnati.com,http://cincinnati.com
657641620,2017-07-14 18:57:06,"New details emerge on Colerain Township shooting, no arrests",http://rssfeeds.cincinnati.com/~/398079274/0/cincinnati-home~New-details-emerge-on-Colerain-Township-shooting-no-arrests/,en,False,,26590,cincinnati.com,http://cincinnati.com
666085731,2017-07-22 08:00:00,"Abbreviated Pundit Round-up: Newtown and America, revisited",https://www.dailykos.com/stories/2017/4/3/1649509/-Abbreviated-Pundit-Round-up-Newtown-and-America-revisited,en,False,,115,Daily Kos,http://www.dailykos.com
651116648,2017-07-01 12:15:40,Little Rock Police: 25 People Shot At Nightclub,http://talkingpointsmemo.com/news/police-25-shot-at-little-rock-nightclub,en,True,,113,Talking Points Memo,http://www.talkingpointsmemo.com
657583132,2017-07-07 08:00:00,Chuck Todd scolded Americans for toxicity he and media responsible for,https://www.dailykos.com/stories/2017/6/15/1671990/-Chuck-Todd-scolded-Americans-for-toxicity-he-and-media-responsible-for,en,False,,115,Daily Kos,http://www.dailykos.com
649789589,2017-06-29 01:00:00,‘The Carmichael Show’: The Mass Shooting Episode Everyone Needs to See,http://feedproxy.google.com/~r/thedailybeast/articles/~3/klltBW-HwWY/the-carmichael-show-the-mass-shooting-episode-everyone-needs-to-see,en,False,,1707,Daily Beast,http://www.thedailybeast.com/
905743366,2017-06-29 00:00:00,The Carmichael Show: The Mass-Shooting Episode Everyone Needs to See,https://www.thedailybeast.com/the-carmichael-show-the-mass-shooting-episode-everyone-needs-to-see,en,False,,1707,Daily Beast,http://www.thedailybeast.com/
649311266,2017-06-28 03:59:12,"Of Caesar, guns and trolls: The evil that men do",http://www.salon.com/2017/06/28/of-caesar-guns-and-trolls-the-evil-that-men-do_partner/,en,False,,1757,Salon,http://www.salon.com/
655345962,2017-07-11 02:51:57,Eight killed in Thailand in rare mass shooting: police,http://feeds.reuters.com/~r/Reuters/worldNews/~3/LGvlhMbrwmw/us-thailand-murder-idUSKBN19W0I1,en,False,,1089,Reuters ,http://www.reuters.com/
699313049,2017-07-12 08:00:00,Steve Scalise Is Moved From I.C.U. but Remains in Serious Condition,https://www.nytimes.com/2017/07/12/us/steve-scalise-icu-condition-update.html?_r=0,en,False,,1,New York Times,http://nytimes.com
721461012,2017-07-06 08:00:00,What to Know About the Mandalay Bay Resort Hotel at the Center of the Las Vegas Shooting,http://time.com/4965095/mandalay-bay-resort-casino-hotel-las-vegas-shooting/?xid=homepage,en,False,,4419,Time,http://time.com
651069450,2017-07-01 14:23:39,"At least 25 shot at Little Rock nightclub; hunt for suspects continues, police say",https://www.washingtonpost.com/news/post-nation/wp/2017/07/01/at-least-25-shot-at-little-rock-nightclub-hunt-for-suspects-continues-police-say/,en,False,,2,Washington Post,http://washingtonpost.com
942181360,2017-07-26 00:00:00,Furious Gay Rights Advocates See Trump’s ‘True Colors’ - The New York Times,https://www.nytimes.com/2017/07/26/us/politics/furious-gay-rights-advocates-see-trumps-true-colors.html?mcubz=3,en,False,,1,New York Times,http://nytimes.com
649092053,2017-06-27 16:27:57,White House Press Secretary Chewed Out by Reporter: &#8216;You&#8217;re Inflaming Everybody&#8217; (Video),http://www.thewrap.com/white-house-press-secretary-chewed-reporter-youre-inflaming-everybody-video/,en,False,,18704,The Wrap,http://www.thewrap.com
721536633,2017-07-21 07:00:23,"What is Antifa, the controversial protest group confronting fascism and the alt-right?",https://www.dailydot.com/layer8/what-is-antifa/,en,False,,366828,Daily Dot ,http://dailydot.com/
649473066,2017-06-28 10:46:24,Sarah Palin Sues NYT After Editorial Blames Her for 2011 Gabby Giffords Shooting,http://www.newsbusters.org/blogs/nb/kristine-marsh/2017/06/28/sarah-palin-sues-nyt-after-editorial-blames-her-2011-gabby,en,False,,1125,NewsBusters,http://newsbusters.org
857716604,2017-07-12 21:28:01,Apple to open data center in China with government ties,https://www.mercurynews.com/2017/07/12/apple-to-open-china-data-center-with-government-ties/?source=email,en,True,,35,San Jose Mercury News,http://www.mercurynews.com/
653337911,2017-07-06 11:30:05,Don’t Expect Health Coverage If You Survive a Gunshot Wound,https://www.bloomberg.com/politics/articles/2017-07-06/don-t-expect-health-coverage-if-you-survive-a-gunshot-wound,en,False,,40944,Bloomberg,http://bloomberg.com
721497545,2017-07-06 08:00:00,Las Vegas Suspect’s Brother Says Family Is 'Completely Dumbfounded' by Shooting,http://time.com/4964995/las-vegas-shooting-stephen-paddock-eric-brother/?utm_campaign=time&utm_source=twitter.com&utm_medium=social&xid=time_socialflow_twitter,en,False,,4419,Time,http://time.com
651119862,2017-07-01 16:00:01,28 Injured After Gunfire Erupts at Little Rock Nightclub,http://feedproxy.google.com/~r/breitbart/~3/OhFNVEiEZAI/,en,True,,19334,Breitbart,http://www.breitbart.com
650757707,2017-06-30 17:17:04,Homicide Suspect Films Himself on Facebook Live During Gun Battle with LAPD,http://feedproxy.google.com/~r/breitbart/~3/nYyHZWGShsQ/,en,False,,19334,Breitbart,http://www.breitbart.com
658617344,2017-07-17 06:00:24,Cerberus's Remington Debt Fizzles as Trump Cools Firearms Fervor,https://www.bloomberg.com/politics/articles/2017-07-17/cerberus-s-remington-debt-fizzles-as-trump-cools-firearms-fervor,en,False,,40944,Bloomberg,http://bloomberg.com
655897411,2017-07-12 02:25:12,Report: 5 IS militants killed in police raid in Turkey,http://feeds.foxnews.com/~r/foxnews/world/~3/-hTTlWFvXS0/report-5-is-militants-killed-in-police-raid-in-turkey.html,en,True,,1092,Fox News,http://www.foxnews.com/
657113987,2017-07-14 01:13:20,Solider accused of supporting ISIS thought 9/11 was inside job: ex-bunkmate,http://nypost.com/2017/07/14/solider-accused-of-supporting-isis-thought-911-was-inside-job-ex-bunkmate/,en,True,,7,New York Post,http://www.nypost.com/
662409895,2017-07-23 20:29:00,California finds new gun laws are much easier to pass than enact,http://feedproxy.google.com/~r/businessinsider/~3/Xrkg_hgPtKQ/california-struggles-to-enact-new-gun-laws-2017-7,en,False,,18710,Business Insider,http://www.businessinsider.com
649142167,2017-06-27 19:01:46,North Carolina Wannabe Terrorist Sentenced To Life In Prison,http://dailycaller.com/2017/06/27/north-carolina-wannabe-terrorist-sentenced-to-life-in-prison/,en,False,,18775,Daily Caller,http://dailycaller.com
661513090,2017-07-22 00:46:03,Soldier accused of supporting ISIS indicted on terrorism charges,http://nypost.com/2017/07/22/soldier-accused-of-supporting-isis-indicted-on-terrorism-charges/,en,True,,7,New York Post,http://www.nypost.com/
820516556,2017-07-07 00:00:00,Federal report on Pulse: Authorities performed well but more training needed,http://www.orlandosentinel.com/news/pulse-orlando-nightclub-shooting/os-pulse-shooting-after-action-report-20170707-story.html,en,False,,38,Orlando Sentinel,http://www.orlandosentinel.com/
867026280,2017-07-09 00:00:00,"9 shot, 1 woman killed at gender reveal party in Colerain Township",https://www.cincinnati.com/story/news/local/2017/07/09/9-shot-1-woman-killed-gender-reveal-party-colerain-twp/462626001/,en,False,,26590,cincinnati.com,http://cincinnati.com
651207753,2017-07-02 01:20:23,Little Rock police chief: Quick work helped save lives,http://www.sfgate.com/news/crime/article/Little-Rock-police-chief-Quick-work-helped-save-11261844.php,en,True,,14,SF Chronicle,http://www.sfgate.com/
662816602,2017-07-24 12:07:58,Airport Security: Government Finds More Guns Than Ever After Fort Lauderdale Airport Shooting,http://www.newsweek.com/airport-security-government-finds-more-guns-ever-after-fort-lauderdale-airport-641108,en,False,,56510,Newsweek,http://newsweek.com/
649374853,2017-06-28 06:25:50,Sarah Palin sues New York Times for defamation over editorial on mass shooting,http://www.washingtonpost.com/news/morning-mix/wp/2017/06/28/sarah-palin-sues-new-york-times-for-defamation-over-editorial-on-mass-shooting/,en,False,,2,Washington Post,http://washingtonpost.com
653931851,2017-07-07 13:03:35,"One year after Dallas, NYPD ambush again sends ‘a chill across the policing world’",https://www.washingtonpost.com/news/post-nation/wp/2017/07/07/one-year-after-dallas-nypd-ambush-again-sends-a-chill-across-the-policing-world/,en,False,,2,Washington Post,http://washingtonpost.com
804021290,2017-07-26 00:00:00,Furious Gay Rights Advocates See Trump’s ‘True Colors’ - The New York Times,https://www.nytimes.com/2017/07/26/us/politics/furious-gay-rights-advocates-see-trumps-true-colors.html?smid=tw-share,en,False,,1,New York Times,http://nytimes.com
650747182,2017-06-30 18:16:00,'The Carmichael Show' will end its run after three seasons,http://feeds.latimes.com/~r/latimes/sports/motorracing/~3/_Wp1xU51l2w/la-et-entertainment-news-updates-june-the-carmichael-show-will-end-its-run-1498860037-htmlstory.html,en,False,,6,LA Times,http://www.latimes.com/
649375997,2017-06-27 21:09:26,Sarah Palin Sues The New York Times Over Editorial Connecting Her To Shooting,http://www.huffingtonpost.com/entry/sarah-palin-sues-new-york-times_us_5952f776e4b02734df2e54d8?309&ncid=inblnkushpmg00000009,en,False,,27502,HuffPost,http://www.huffingtonpost.com/#
654516580,2017-07-09 04:30:19,Everybody lies: how Google search reveals our darkest secrets,https://www.theguardian.com/technology/2017/jul/09/everybody-lies-how-google-reveals-darkest-secrets-seth-stephens-davidowitz,en,False,,1751,Guardian US,https://www.theguardian.com/us
684600039,2017-07-06 08:00:00,http://time.com/4527408/2016-election-political-correctness/,http://time.com/4527408/2016-election-political-correctness/,en,False,,4419,Time,http://time.com
651009445,2017-07-01 07:42:00,Terrorism Not Suspected After 17 Shot at Arkansas Nightclub,http://feedproxy.google.com/~r/time/topstories/~3/fUdA0NBiOZw/,en,True,,4419,Time,http://time.com
694817597,2017-07-06 08:00:00,http://time.com/4917956/trump-police-military-gear/?utm_campaign=time&utm_source=twitter.com&utm_medium=social&xid=time_socialflow_twitter,http://time.com/4917956/trump-police-military-gear/?utm_campaign=time&utm_source=twitter.com&utm_medium=social&xid=time_socialflow_twitter,en,True,,4419,Time,http://time.com
660716622,2017-07-20 16:38:08,"For Shocked Australians, America's Gun Nightmare Hits Home",http://www.huffingtonpost.com/entry/justine-damond-australia-gun-violence_us_5970fefee4b062ea5f90b35d?utm_hp_ref=racism,en,False,,27502,HuffPost,http://www.huffingtonpost.com/#
819279763,2017-07-14 00:00:00,Gunmen kill 2 Israeli police officers at entrance to Jerusalem mosque complex,https://www.washingtonpost.com/world/gunmen-kill-two-israeli-police-officers-at-entrance-to-jerusalem-mosque-complex/2017/07/14/a7461cfa-6868-11e7-9928-22d00a47778f_story.html?utm_term=.a0062febcbce,en,False,,2,Washington Post,http://washingtonpost.com
867237975,2017-06-30 00:00:00,"Doctor Opens Fire at Bronx Hospital, Killing a Doctor and Wounding 6 - The New York Times",https://www.nytimes.com/2017/06/30/nyregion/bronx-hospital-shooting.html?hp&action=click&pgtype=Homepage&clickSource=story-heading&module=second-column-region&region=top-news&WT.nav=top-news,en,False,,1,New York Times,http://nytimes.com
649585170,2017-06-28 14:15:00,Trumps boasts about dumping many Obama-era regulations. Here's a look at some,http://www.latimes.com/travel/deals/la-na-pol-congressional-review-regulations-20170628-htmlstory.html,en,False,,6,LA Times,http://www.latimes.com/
661359605,2017-07-21 15:39:02,Women Murder Victims: Guns Used in Majority of Homicides,http://www.newsweek.com/guns-more-half-female-homicides-cdc-640388,en,False,,56510,Newsweek,http://newsweek.com/
659843254,2017-07-06 08:00:00,http://time.com/114354/elliot-rodger-ucsb-misogyny/,http://time.com/114354/elliot-rodger-ucsb-misogyny/,en,False,,4419,Time,http://time.com
651419765,2017-07-02 13:40:43,Rapper arrest unrelated to Little Rock shooting spree,http://rssfeeds.azcentral.com/~/383683112/0/phoenix/nation~Rapper-arrest-unrelated-to-Little-Rock-shooting-spree/,en,False,,25128,AZCentral,http://www.azcentral.com
721485559,2017-07-06 08:00:00,Congress Could Still Make It Easier to Buy a Silencer,http://time.com/4967020/las-vegas-shooting-silencers-bill-vote-paul-ryan/?xid=homepage,en,False,,4419,Time,http://time.com
721417609,2017-07-06 08:00:00,Read Trump's Full Statement on the Texas Church Shooting,http://time.com/5011031/texas-church-shooting-trump-response/?xid=homepage,en,False,,4419,Time,http://time.com
649142182,2017-06-27 18:43:03,Sarah Palin Suing New York Times For Defamation,http://dailycaller.com/2017/06/27/sarah-palin-suing-new-york-times-for-defamation/,en,False,,18775,Daily Caller,http://dailycaller.com
661412795,2017-07-01 08:00:00,"‘I Want This to Get Over’: After Congressional Shooting, Complex Grief for a Gunman’s Widow",https://www.nytimes.com/2017/07/01/us/congressional-baseball-shooting-death-grief.html?emc=edit_ta_20170701&nl=top-stories&nlid=13802506&ref=cta,en,False,,1,New York Times,http://nytimes.com
659137930,2017-07-18 04:35:23,Australians shocked by bride-to-be's shooting by Minneapolis police,http://rssfeeds.azcentral.com/~/401996128/0/phoenix/nation~Australians-shocked-by-bridetobes-shooting-by-Minneapolis-police/,en,True,,25128,AZCentral,http://www.azcentral.com
661760730,2017-07-06 08:00:00,http://time.com/33444/sandy-hook-shooting-newtown-connecticut-school-design/,http://time.com/33444/sandy-hook-shooting-newtown-connecticut-school-design/,en,False,,4419,Time,http://time.com
721417615,2017-07-06 08:00:00,What We Know About the Gun Used in the Texas Church Shooting,http://time.com/5011322/ruger-ar-556-rifle-texas-church-shooting/?xid=homepage,en,False,,4419,Time,http://time.com
658240932,2017-07-10 08:00:00,America’s Future Is Texas,http://www.newyorker.com/magazine/2017/07/10/americas-future-is-texas?mbid=synd_digg,en,False,,1101,New Yorker,http://www.newyorker.com/
747369289,2017-07-02 00:54:00,These Are The Attacks Trump Says Went Underreported. You'll Recognize A Few.,http://www.huffingtonpost.com.au/entry/78-attacks-trump-media-reporting_us_58992b2ae4b09bd304bd3b47,en,False,,27502,HuffPost,http://www.huffingtonpost.com/#
659805443,2017-07-19 11:40:39,Feds: Bodyguard’s gun linked to mass shooting in Little Rock club,http://www.cbsnews.com/news/feds-bodyguards-gun-mass-shooting-little-rock-club/,en,False,,1752,CBS News,http://www.cbsnews.com/
721473417,2017-07-06 08:00:00,Republicans Are Already Rejecting New Gun Control Laws,http://time.com/4966877/las-vegas-shooting-gun-control-republicans/?iid=sr-link4,en,False,,4419,Time,http://time.com
819427879,2017-07-15 00:00:00,https://cdn.theatlantic.com/assets/media/img/posts/2017/07/RTX3BI6Z/5f4d83bdc.jpg,https://cdn.theatlantic.com/assets/media/img/posts/2017/07/RTX3BI6Z/5f4d83bdc.jpg,en,False,,1110,Atlantic,http://www.theatlantic.com/
653717003,2017-07-07 05:20:01,Report: Turkey detains 29 IS militants in raids in Istanbul,http://feeds.foxnews.com/~r/foxnews/world/~3/957d-9S1-CQ/report-turkey-detains-29-is-militants-in-raids-in-istanbul.html,en,False,,1092,Fox News,http://www.foxnews.com/
661490703,2017-07-21 23:27:45,Federal grand jury indicts U.S. soldier on terrorism charges,http://www.politico.com/story/2017/07/21/ikaika-kang-islamic-state-indicted-240836,en,False,,18268,Politico,https://www.politico.com/
807958950,2017-07-22 00:00:00,Trump: Nothing to Pardon - 'Only Crime so Far is Leaks Against Us' | Newsmax.com,https://www.newsmax.com/Headline/Trump-Tweets-Pardons-Mueller/2017/07/22/id/803179/,en,False,,25349,Newsmax,http://www.newsmax.com
721449184,2017-07-06 08:00:00,These Are the Victims of the Las Vegas Shooting,http://time.com/4965896/las-vegas-shooting-victims-names/?xid=homepage,en,False,,4419,Time,http://time.com
654556325,2017-07-09 07:15:10,Mixed feelings on supermarket reopening after mass shooting,http://www.sfgate.com/news/crime/article/Mixed-feelings-on-supermarket-reopening-after-11275662.php,en,True,,14,SF Chronicle,http://www.sfgate.com/
801730774,2017-06-28 02:28:15,"Sarah Palin Sues New York Times, Claiming Editorial Defamed Her",https://www.nytimes.com/2017/06/27/business/sarah-palin-sues-new-york-times.html?hp&action=click&pgtype=Homepage&clickSource=story-heading&module=first-column-region&region=top-news&WT.nav=top-news&_r=0,en,False,,1,New York Times,http://nytimes.com
664354440,2017-07-26 21:23:33,‘It’s not my thing’: A history of Trump’s shifting relationship with the LGBT community,https://www.washingtonpost.com/politics/its-not-my-thing-a-history-of-trumps-shifting-relationship-with-the-lgbt-community/2017/07/26/92920302-7220-11e7-8f39-eeb7d3a2d304_story.html,en,False,,2,Washington Post,http://washingtonpost.com
844426558,2017-07-09 00:00:00,"Ohio shooting: 1 dead, 8 wounded in ambush at gender reveal party",http://www.foxnews.com/us/2017/07/09/ohio-shooting-1-dead-8-wounded-in-ambush-at-gender-reveal-party-in-ohio.html,en,False,,1092,Fox News,http://www.foxnews.com/
953572821,2017-07-11 02:51:57,Eight killed in Thailand in rare mass shooting: police,http://feeds.reuters.com/~r/Reuters/worldNews/~3/LGvlhMbrwmw/us-thailand-murder-idUSKBN19W0I1,en,False,,4442,Reuters,http://www.reuters.com
650977612,2017-07-01 07:10:02,Is Canada Really That Great? Reasons to Move North on Canada's 150th Birthday ,http://www.newsweek.com/canada-really-great-reasons-move-north-canadas-150th-630502,en,False,,56510,Newsweek,http://newsweek.com/
654551156,2017-07-09 07:15:10,Mixed feelings on supermarket reopening after mass shooting,http://feeds.foxnews.com/~r/foxnews/national/~3/KcmHaFwfoXc/mixed-feelings-on-supermarket-reopening-after-mass-shooting.html,en,False,,1092,Fox News,http://www.foxnews.com/
651921526,2017-07-03 15:44:20,The Latest: Little Rock club performer faces weapons charge,http://www.sfgate.com/news/crime/article/The-Latest-911-calls-show-chaotic-scene-after-11263898.php,en,True,,14,SF Chronicle,http://www.sfgate.com/
649207458,2017-06-27 22:28:14,"Sarah Palin Sues New York Times, Claiming Editorial Defamed Her",https://www.nytimes.com/2017/06/27/business/sarah-palin-sues-new-york-times.html?partner=rss&emc=rss,en,False,,1,New York Times,http://nytimes.com
655898826,2017-07-12 02:25:12,Report: 5 IS militants killed in police raid in Turkey,http://www.sfgate.com/news/world/article/Report-5-IS-militants-killed-in-police-raid-in-11282220.php,en,True,,14,SF Chronicle,http://www.sfgate.com/
651032529,2017-07-01 06:25:31,"At Least 17 Injured In Mass Shooting At Arkansas Nightclub, Police Say",http://www.huffingtonpost.com/entry/arkansas-little-rock-nightclub-shooting_us_5957768fe4b0da2c7323c7a4?ebg&ncid=inblnkushpmg00000009,en,False,,27502,HuffPost,http://www.huffingtonpost.com/#
658880800,2017-07-17 15:50:52,An Australian family tries to understand why an American police officer killed their daughter,https://www.washingtonpost.com/news/worldviews/wp/2017/07/17/an-australian-family-tries-to-understand-why-an-american-police-officer-killed-their-daughter/,en,False,,2,Washington Post,http://washingtonpost.com
656226511,2017-07-12 12:40:38,Correction: Soldier Arrested-Hawaii-Timeline story,http://feeds.foxnews.com/~r/foxnews/national/~3/S_pdTc8FiTE/correction-soldier-arrested-hawaii-timeline-story.html,en,True,,1092,Fox News,http://www.foxnews.com/
721461504,2017-07-06 08:00:00,What to Know About the Mass Shooting in Las Vegas,http://time.com/4964666/mandalay-bay-las-vegas-shooting/,en,False,,4419,Time,http://time.com
662313620,2017-07-23 16:09:28,U.S. Army Sergeant Is Charged With Trying to Aid Islamic State,https://www.nytimes.com/2017/07/23/world/middleeast/army-solder-charged-islamic-state.html?partner=rss&emc=rss,en,False,,1,New York Times,http://nytimes.com
1017270941,2017-07-03 03:00:00,A Federal Judge Halts California’s Confiscation of High-Capacity Magazines | National Review,https://www.nationalreview.com/2017/07/california-proposition-63-federal-judge-roger-t-benitez-high-capacity-magazines-second-amendment/,en,False,,1117,National Review,http://www.nationalreview.com/
659093036,2017-07-18 03:18:59,Australians see woman's shooting by police as US nightmare,http://www.sfgate.com/news/crime/article/Australians-stunned-by-Minneapolis-police-11295593.php,en,True,,14,SF Chronicle,http://www.sfgate.com/
651083458,2017-07-01 14:41:24,Save Free Speech from Trolls,https://www.nytimes.com/2017/07/01/opinion/sunday/save-free-speech-from-trolls.html?partner=rssnyt&emc=rss,en,False,,1,New York Times,http://nytimes.com
659074631,2017-07-18 02:03:59,Australians stunned by Minneapolis police shooting of woman,http://feeds.foxnews.com/~r/foxnews/world/~3/HJryFnATHBI/australians-stunned-by-minneapolis-police-shooting-woman.html,en,False,,1092,Fox News,http://www.foxnews.com/
656229343,2017-07-12 12:40:38,Correction: Soldier Arrested-Hawaii-Timeline story,http://www.sfgate.com/news/crime/article/Events-that-led-to-arrest-of-Army-soldier-on-11281462.php,en,True,,14,SF Chronicle,http://www.sfgate.com/
673012709,2017-07-07 09:59:27,"Members of Congress, political world react to Alexandria shooting",https://www.cbsnews.com/news/members-of-congress-political-world-react-to-alexandria-shooting/,en,False,,1752,CBS News,http://www.cbsnews.com/
656488478,2017-07-13 00:17:29,Police say $10K reward offered for Ohio shooting information,http://www.sfgate.com/news/crime/article/Police-say-10K-reward-offered-for-Ohio-shooting-11285115.php,en,True,,14,SF Chronicle,http://www.sfgate.com/
651043460,2017-07-01 11:24:17,"&#x2018;I Want This to Get Over&#x2019;: After Congressional Shooting, Complex Grief for a Gunman&#x2019;s Widow",https://www.nytimes.com/2017/07/01/us/congressional-baseball-shooting-death-grief.html?partner=rss&emc=rss,en,False,,1,New York Times,http://nytimes.com
660585413,2017-07-20 12:13:14,John McCain’s living legacy is to show us the kind of leadership that's possible,https://www.washingtonpost.com/blogs/post-partisan/wp/2017/07/20/john-mccains-living-legacy-is-to-show-us-the-kind-of-leadership-thats-possible/,en,False,,2,Washington Post,http://washingtonpost.com
656003616,2017-07-12 05:24:30,Three Americans who thwarted 2015 Paris train attack to play selves in Clint Eastwood movie,http://www.washingtonpost.com/news/morning-mix/wp/2017/07/12/three-americans-who-thwarted-2015-paris-train-attack-to-play-selves-in-clint-eastwood-movie/,en,False,,2,Washington Post,http://washingtonpost.com
649135584,2017-06-27 18:36:58,Sarah Palin sues NY Times for tying political ad to mass shooting,http://nypost.com/2017/06/27/sarah-palin-sues-ny-times-for-tying-political-ad-to-mass-shooting/,en,False,,7,New York Post,http://www.nypost.com/
649525363,2017-06-28 12:17:39,How to argue Sarah Palin v. New York Times,https://www.washingtonpost.com/news/the-fix/wp/2017/06/28/how-to-argue-sarah-palin-v-new-york-times/,en,False,,2,Washington Post,http://washingtonpost.com
651594132,2017-07-03 01:43:25,Rapper who performed at Little Rock club arrested in Alabama,http://www.sfgate.com/news/crime/article/Rapper-who-performed-at-Little-Rock-club-arrested-11262885.php,en,True,,14,SF Chronicle,http://www.sfgate.com/
653716719,2017-07-07 06:29:28,Report: Turkey detains 29 IS militants in raids in Istanbul,https://www.washingtonpost.com/world/middle_east/report-turkey-detains-29-is-militants-in-raids-in-istanbul/2017/07/07/eed89534-62f5-11e7-80a2-8c226031ac3f_story.html,en,True,,2,Washington Post,http://washingtonpost.com
650745251,2017-06-30 18:14:53,Baton Rouge police assailant had searched names of officers involved in Alton Sterling’s death,https://www.washingtonpost.com/world/national-security/baton-rouge-police-assailant-had-searched-names-of-officers-involved-in-alton-sterlings-death/2017/06/30/9aa822aa-5dd1-11e7-9b7d-14576dc0f39d_story.html,en,False,,2,Washington Post,http://washingtonpost.com
654719974,2017-07-09 17:54:13,Vehicles as weapons of terror: U.S. cities on alert as attacks hit the West,https://www.washingtonpost.com/local/trafficandcommuting/vehicles-as-weapons-of-terror-us-cities-on-alert-and-preparing-as-attacks-are-on-the-rise-in-the-west/2017/07/09/806be4be-55eb-11e7-ba90-f5875b7d1876_story.html,en,False,,2,Washington Post,http://washingtonpost.com
657148057,2017-07-14 02:00:15,Under siege by liberals: the town where everyone owns a gun,https://www.theguardian.com/us-news/2017/jul/14/nucla-colorado-mandatory-gun-law-mining-telluride,en,False,,1751,Guardian US,https://www.theguardian.com/us
656469677,2017-07-12 23:13:00,Conspiracy or Coincidence? A Timeline Open to Interpretation,https://www.nytimes.com/2017/07/12/us/politics/trump-russia-election-meeting.html?partner=rss&emc=rss,en,False,,1,New York Times,http://nytimes.com
1069950471,2017-07-20 11:42:46,Episode 45: Is Obamacare Repeal Dead? | National Review,https://www.nationalreview.com/podcasts/the-editors/editors-obamacare-repeal-dead/,en,False,,1117,National Review,http://www.nationalreview.com/
1225853688,2017-07-05 09:52:18,Zakaria on Immigration | National Review,https://www.nationalreview.com/corner/zakaria-immigration/,en,False,,1117,National Review,http://www.nationalreview.com/
1063881404,2017-07-18 09:59:00,"US student imprisoned in Iran is scholar, not spy, colleagues say",https://www.aol.com/article/news/2017/07/18/us-student-imprisoned-in-iran-is-scholar-not-spy-colleagues-say/23035580/,en,False,,150985,AOL News,http://news.aol.com/
1063875828,2017-07-26 14:33:00,US to impose stricter electronic carry-on airport screening,https://www.aol.com/article/news/2017/07/26/us-to-impose-stricter-electronic-carry-on-airport-screening/23049590/,en,False,,150985,AOL News,http://news.aol.com/
1244800954,2017-07-09 20:18:43,Mother killed in mass shooting at baby shower,http://www.upi.com/Top_News/US/2017/07/09/Mother-killed-in-mass-shooting-at-baby-shower/5191499645038/,en,False,,1706,UPI,http://www.upi.com/
1063871055,2017-06-28 17:56:00,CNN's Jim Acosta mockingly responds after Sean Hannity calls him 'unhinged': He 'needs a hug',https://www.aol.com/article/entertainment/2017/06/28/cnns-jim-acosta-sean-hannity-response/23006984/,en,False,,150985,AOL News,http://news.aol.com/
1063879379,2017-06-27 12:33:00,"Melania Trump leaves critics divided with bold, bright yellow dress",https://www.aol.com/article/lifestyle/2017/06/27/melania-trump-yellow-dress/23004280/,en,False,,150985,AOL News,http://news.aol.com/
1063862539,2017-07-05 19:24:00,US prepared to use force on North Korea 'if we must': UN envoy,https://www.aol.com/article/news/2017/07/05/us-prepared-to-use-force-on-north-korea-if-we-must-un-envoy/23018171/,en,False,,150985,AOL News,http://news.aol.com/
1050229665,2017-07-07 06:00:32,Montreal Jazz Fest Goes Way Beyond a Single Genre of Music,http://observer.com/2017/07/montreal-jazz-fest-review/,en,False,,21091,observer.com,http://www.observer.com
1141443988,2017-07-21 09:00:00,"DOJ Seizes Online Marketplace AlphaBay, Exxon Mobil Sues U.S. Treasury, Laptop Ban Lifted: A.M. Links",http://reason.com/blog/2017/07/21/doj-seizes-online-marketplace-alphabay-e,en,False,,72523,Reason.com,http://reason.com/
1248048876,2017-06-27 14:01:36,Carmichael Show mass shooting episode will now air June 28,http://ew.com/tv/2017/06/27/carmichael-show-mall-shooting-episode-date/,en,False,,72605,Entertainment Weekly,http://www.ew.com
1247395107,2017-07-09 04:30:19,Everybody lies: how Google search reveals our darkest secrets,https://www.theguardian.com/technology/2017/jul/09/everybody-lies-how-google-reveals-darkest-secrets-seth-stephens-davidowitz,en,False,,623382,Guardian,http://www.theguardian.com/us
1247378252,2017-07-08 07:00:06,Nikki Haley: global face of Trump administration strikes delicate balance,https://www.theguardian.com/us-news/2017/jul/08/nikki-haley-trump-administration-un-ambassador,en,False,,623382,Guardian,http://www.theguardian.com/us
1247374084,2017-07-24 14:48:49,Republican uses Virginia shooting to show commitment to gun rights in ad,https://www.theguardian.com/us-news/2017/jul/24/republican-mo-brooks-virginia-shooting-gun-rights-campaign-ad,en,False,,623382,Guardian,http://www.theguardian.com/us
1247368174,2017-07-14 02:00:15,Under siege by liberals: the town where everyone owns a gun,https://www.theguardian.com/us-news/2017/jul/14/nucla-colorado-mandatory-gun-law-mining-telluride,en,False,,623382,Guardian,http://www.theguardian.com/us
1247354332,2017-07-01 13:09:24,Little Rock shooting of 25 at rap show prompts call to curb growing violence,https://www.theguardian.com/us-news/2017/jul/01/little-rock-nightclub-shooting-police,en,False,,623382,Guardian,http://www.theguardian.com/us
1244409801,2017-07-09 21:23:06,911 call captures chaos after shooting after gender reveal party,http://rssfeeds.usatoday.com/~/391496500/0/usatodaycomnation-topstories~call-captures-chaos-after-shooting-after-gender-reveal-party/,en,False,,4,USA Today,http://www.usatoday.com
1244154726,2017-07-26 16:58:04,ATF releases inspection on shop where Pulse shooter Omar Mateen bought guns,http://rssfeeds.usatoday.com/~/411765624/0/usatoday-newstopstories~ATF-releases-inspection-on-shop-where-Pulse-shooter-Omar-Mateen-bought-guns/,en,False,,4,USA Today,http://www.usatoday.com
649594059,2017-06-28 14:39:04,Prosecutors seek to keep charge against Pulse gunman&#8217;s wife,http://www.seattletimes.com/nation-world/prosecutors-seek-to-keep-charge-against-pulse-gunmans-wife/?utm_source=RSS&utm_medium=Referral&utm_campaign=RSS_all,en,True,,24940,Seattle Times,http://seattletimes.com
655746385,2017-07-11 17:51:04,Events that led to arrest of Army soldier on terror charges,http://www.seattletimes.com/nation-world/events-that-led-to-arrest-of-army-soldier-on-terror-charges/?utm_source=RSS&utm_medium=Referral&utm_campaign=RSS_all,en,True,,24940,Seattle Times,http://seattletimes.com
655897370,2017-07-12 02:33:11,Report: 5 IS militants killed in police raid in Turkey,http://www.seattletimes.com/nation-world/report-5-is-militants-killed-in-police-raid-in-turkey/?utm_source=RSS&utm_medium=Referral&utm_campaign=RSS_all,en,True,,24940,Seattle Times,http://seattletimes.com
659061808,2017-07-18 01:55:02,Australians stunned by Minneapolis police shooting of woman,http://www.seattletimes.com/nation-world/australians-stunned-by-minneapolis-police-shooting-of-woman/?utm_source=RSS&utm_medium=Referral&utm_campaign=RSS_all,en,True,murders and attempted murders,24940,Seattle Times,http://seattletimes.com
662978477,2017-07-24 18:42:03,"Computers, phones are evidence against Pulse gunman&#8217;s wife",http://www.seattletimes.com/nation-world/computers-phones-are-evidence-against-pulse-gunmans-wife/?utm_source=RSS&utm_medium=Referral&utm_campaign=RSS_all,en,True,"computers and the internet,murders and attempted murders",24940,Seattle Times,http://seattletimes.com
650740638,2017-06-30 17:50:05,California politicians&#8217; gun control moves hit by 2 setbacks,http://www.seattletimes.com/nation-world/california-politicians-gun-control-moves-hit-by-2-setbacks/?utm_source=RSS&utm_medium=Referral&utm_campaign=RSS_all,en,True,"politics and government,law and legislation,elections,appointments and executive changes,gun control,firearms",24940,Seattle Times,http://seattletimes.com
661563209,2017-07-22 03:22:09,Federal grand jury indicts US soldier on terrorism charges,http://www.seattletimes.com/nation-world/federal-grand-jury-indicts-us-soldier-on-terrorism-charges-2/?utm_source=RSS&utm_medium=Referral&utm_campaign=RSS_all,en,True,"politics and government,armament, defense and military forces,terrorism,crime and criminals,united states armament and defense,united states international relations,mental health and disorders",24940,Seattle Times,http://seattletimes.com
660471589,2017-07-20 07:37:17," A look back at the Aurora, Colorado movie theater shooting 5 years later",http://abcnews.go.com/US/back-aurora-colorado-movie-theater-shooting-years/story?id=48730066,,False,motion pictures,39000,ABC News,http://abcnews.go.com/
661489709,2017-07-21 23:17:02,Federal grand jury indicts US soldier on terrorism charges,http://www.seattletimes.com/nation-world/federal-grand-jury-indicts-us-soldier-on-terrorism-charges/?utm_source=RSS&utm_medium=Referral&utm_campaign=RSS_all,en,True,"armament, defense and military forces,terrorism,crime and criminals,united states armament and defense",24940,Seattle Times,http://seattletimes.com
654549539,2017-07-09 07:15:04,Mixed feelings on supermarket reopening after mass shooting,http://www.seattletimes.com/business/mixed-feelings-on-supermarket-reopening-after-mass-shooting/?utm_source=RSS&utm_medium=Referral&utm_campaign=RSS_all,en,True,"food,retail stores and trade,supermarkets",24940,Seattle Times,http://seattletimes.com
662290585,2017-07-23 15:00:00,"Gun worship, frontier myths stoke violence in U.S.",http://www.seattletimes.com/seattle-news/gun-worship-frontier-myths-stoke-violence-in-us/?utm_source=RSS&utm_medium=Referral&utm_campaign=RSS_all,en,False,"crime and criminals,murders and attempted murders",24940,Seattle Times,http://seattletimes.com
656306942,2017-07-12 16:04:05,Apple to open China data center with government ties,http://www.seattletimes.com/business/apple-to-open-china-data-center-with-government-ties/?utm_source=RSS&utm_medium=Referral&utm_campaign=RSS_all,en,True,"computers and the internet,computer software",24940,Seattle Times,http://seattletimes.com
651860200,2017-07-03 13:15:07,Man charged in mass shooting plot in Milwaukee seeks release,http://www.seattletimes.com/nation-world/man-charged-in-mass-shooting-plot-in-milwaukee-seeks-release/?utm_source=RSS&utm_medium=Referral&utm_campaign=RSS_all,en,True,crime and criminals,24940,Seattle Times,http://seattletimes.com
653731579,2017-07-06 08:01:28,"Morning Digest: GOP turns to Missouri attorney general for Senate race, but he may face a primary",http://feeds.dailykos.com/~r/dailykos/index/~3/kON5NRdVz8k/-Morning-Digest-GOP-turns-to-Missouri-attorney-general-for-Senate-race-but-he-may-face-a-primary,en,False,"politics and government,elections",115,Daily Kos,http://www.dailykos.com
664197316,2017-07-26 14:20:01,Trump promised to be a uniquely pro-LGBTQ Republican. It was total bullshit.,https://www.vox.com/identities/2017/7/26/16034404/trump-lgbtq-rights,en,False,"politics and government,no index terms from nytimes,united states politics and government,elections,presidents and presidency (us),homosexuality,blacks,discrimination",104828,Vox,http://www.vox.com
651376034,2017-07-02 11:00:02,TV can talk about uncomfortable things. The Carmichael Show's episode on gun violence proves it.,https://www.vox.com/culture/2017/7/2/15894706/the-carmichael-show-nbc-canceled-mass-shooting-episode,en,False,television,104828,Vox,http://www.vox.com
652188735,2017-07-03 05:00:00,America’s Future Is Texas,http://www.newyorker.com/magazine/2017/07/10/americas-future-is-texas,en,False,"politics and government,law and legislation",1101,New Yorker,http://www.newyorker.com/
658676404,2017-07-17 05:00:00,How Trump Is Transforming Rural America,http://www.newyorker.com/magazine/2017/07/24/how-trump-is-transforming-rural-america,en,False,"politics and government,united states politics and government,international relations,food",1101,New Yorker,http://www.newyorker.com/
654009886,2017-07-07 16:25:13,US judge rejects Texas professors’ bid to halt student gun carry,http://feedproxy.google.com/~r/TheRawStory/~3/nbQ_tTaki9E/,en,False,"education and schools,politics and government,law and legislation,suits and litigation,colleges and universities,gun control,decisions and verdicts,speech,freedom of speech and expression,firearms",1127,Raw Story,http://rawstory.com
